erv,SRX9690461_SRR13259899,SRX9690462_SRR13259900,SRX9690463_SRR13259901,SRX9690464_SRR13259902,SRX9690465_SRR13259903,SRX9690466_SRR13259904,SRX9690467_SRR13259905,SRX9690468_SRR13259906
1002,0,0,0,0,0,0,2,0
1004,0,0,0,0,0,0,0,0
1007,0,0,0,0,0,0,0,0
1008,0,0,0,0,0,0,0,0
1011,0,0,0,0,0,0,1,0
1012,0,0,0,0,0,0,0,0
1013,0,0,0,0,0,0,0,0
1014,0,0,0,0,0,0,0,0
1017,0,0,0,0,0,0,0,0
1023,0,0,0,0,0,0,0,1
1024,0,0,0,0,0,0,0,0
1025,0,0,0,0,0,0,0,0
1027,0,0,0,0,0,0,0,0
1031,0,0,0,0,0,0,0,0
1033,0,0,2,0,0,0,0,0
1035,0,0,0,0,0,0,0,0
1036,0,0,0,0,0,0,0,0
1041,0,0,0,0,0,0,0,0
1043,1,0,1,1,2,0,2,1
1045,62,99,38,118,27,53,35,67
1046,0,0,0,0,0,0,0,0
1047,0,0,0,0,0,0,0,0
1048,0,0,0,0,0,0,0,0
1049,0,0,0,0,0,0,0,0
1051,0,0,0,0,0,1,1,1
1054,0,0,0,0,0,0,0,0
1056,0,0,0,0,0,0,0,0
1058,0,0,0,0,0,0,0,0
1060,0,0,0,0,0,0,0,0
1061,0,0,0,0,0,0,0,0
1063,0,0,0,0,0,0,0,0
1064,184,48,355,653,145,144,692,131
1066,0,1,1,1,0,0,1,1
1068,0,0,0,0,0,0,0,0
1069,0,0,0,0,0,0,0,0
1073,0,0,0,0,0,0,1,0
1074,3,0,0,3,0,0,3,0
1075,0,0,1,0,0,0,6,0
1077,0,0,0,0,0,0,0,0
1079,0,0,0,0,0,0,0,0
1080,0,0,1,0,0,0,0,0
1081,0,0,0,0,0,0,0,0
1083,0,0,0,0,0,0,0,0
1084,0,0,0,0,0,0,0,0
1086,0,0,0,0,0,0,0,0
1090,0,0,0,1,0,1,0,0
1091,1,0,0,0,0,1,0,0
1094,0,0,1,0,1,0,1,0
1096,0,0,0,0,1,0,0,0
1097,0,0,0,0,0,0,0,0
1098,0,0,0,0,0,0,0,0
1100,0,0,0,0,0,2,0,1
1104,2,0,0,0,0,0,0,1
1108,0,0,0,0,0,0,0,0
1109,0,0,0,0,0,0,0,0
1110,0,0,0,0,1,0,0,0
1111,1,2,1,8,2,2,0,7
1112,6,5,0,18,6,3,10,9
1113,0,0,0,0,1,0,1,0
1114,0,0,0,1,0,0,0,2
1115,0,0,0,0,0,0,0,0
1116,0,0,0,0,0,0,0,0
1117,0,0,0,0,0,0,0,0
1118,1,0,1,0,2,0,0,0
1119,0,0,0,0,0,0,0,0
1120,0,0,0,0,0,0,1,0
1122,0,0,0,0,0,0,0,0
1124,0,0,0,0,0,0,0,0
1127,0,0,0,0,0,0,0,0
1128,0,0,0,4,1,0,0,2
1130,0,0,0,0,0,0,0,0
1132,0,0,0,0,0,0,0,0
1136,0,0,0,0,0,0,0,0
1138,0,0,0,0,0,0,0,0
1143,0,0,0,0,0,0,0,0
1148,0,0,0,0,0,0,0,0
1149,0,0,0,0,0,0,0,0
1151,0,0,0,0,0,0,0,0
1153,0,0,0,0,0,0,0,0
1154,0,0,0,0,0,0,0,0
1155,0,0,0,0,1,0,0,0
1156,0,0,0,0,0,0,0,0
1157,0,0,0,0,0,0,0,0
1158,0,0,0,0,0,0,0,0
1159,0,0,0,0,0,0,0,0
1160,0,0,0,0,0,0,0,0
1161,0,0,0,0,0,0,0,0
1162,0,0,0,0,0,0,0,0
1163,0,0,0,0,0,0,0,0
1164,0,0,0,0,0,0,0,1
1166,0,0,0,0,0,0,0,0
1168,4,3,1,2,0,6,0,5
1170,0,0,0,1,0,0,0,0
1171,1,0,0,0,0,0,1,0
1174,0,0,0,0,0,0,0,0
1175,0,0,0,0,0,0,0,0
1176,0,0,0,0,0,0,0,0
1178,0,0,0,0,0,0,0,0
1179,2,1,1,0,1,3,16,0
1180,0,0,0,0,2,0,0,0
1182,0,0,0,0,0,0,0,1
1184,0,0,0,0,0,0,0,0
1186,0,0,0,0,0,0,0,0
1188,0,0,0,0,0,0,0,0
1189,0,0,0,0,0,0,0,0
1194,0,0,0,0,0,0,0,0
1196,0,0,0,0,0,0,0,0
1197,0,0,0,0,0,0,0,0
1198,0,0,0,0,0,0,0,0
1199,0,0,0,0,0,0,0,0
1200,0,0,0,0,0,0,0,0
1201,0,0,0,0,0,0,0,0
1202,0,0,0,0,0,0,0,0
1203,0,0,0,0,0,0,0,0
1205,0,0,0,0,0,0,0,0
1206,0,0,0,0,0,0,0,0
1208,0,0,0,0,0,0,0,0
1209,0,0,0,0,0,0,0,0
1210,0,0,0,0,0,0,0,0
1211,0,0,0,0,0,0,0,0
1212,0,0,0,0,1,0,0,0
1216,0,0,0,0,0,0,0,0
1217,0,0,0,0,0,0,0,0
1219,0,0,0,0,0,0,0,0
1220,0,0,0,0,0,0,0,0
1223,0,0,0,0,0,0,0,0
1224,0,0,0,0,0,0,0,0
1225,0,0,1,1,3,5,1,2
1227,0,0,0,0,0,0,0,0
1229,0,0,0,0,0,0,0,0
1230,0,0,0,0,0,0,0,0
1233,1,0,0,0,0,0,0,0
1234,0,0,15,2,9,4,2,0
1236,0,0,0,0,0,0,0,0
1237,0,0,0,0,0,0,0,0
1239,0,0,0,0,0,0,0,0
1242,0,0,0,0,0,0,0,0
1244,0,0,0,0,0,0,0,0
1245,0,0,0,0,0,0,0,0
1246,0,0,0,2,0,0,0,0
1247,0,0,0,0,0,0,0,0
1248,0,0,0,1,0,0,0,1
1249,1,0,0,0,0,0,0,0
1250,0,0,0,0,0,0,0,0
1251,0,1,0,1,0,0,0,0
1256,0,0,0,0,0,0,0,0
1257,0,0,0,1,0,0,0,0
1259,0,0,2,0,0,0,0,0
1262,0,0,0,0,0,0,1,0
1264,0,0,0,0,0,1,0,0
1265,0,0,0,0,0,0,0,0
1266,0,0,1,6,2,0,0,0
1267,0,0,0,0,0,0,0,0
1268,0,0,0,0,0,0,1,0
1269,0,0,0,0,0,0,0,0
1271,0,0,0,0,0,0,0,0
1274,1,0,1,1,0,1,0,0
1275,0,0,0,0,0,0,0,0
1276,0,0,0,0,1,0,2,0
1278,0,0,0,0,0,0,1,0
1280,0,0,0,0,0,0,0,0
1281,0,0,0,0,0,1,0,1
1284,0,1,0,0,0,0,0,0
1285,0,3,0,1,0,1,0,2
1286,1,0,0,0,0,1,2,2
1287,0,0,0,0,0,0,0,0
1288,0,0,0,0,0,0,0,0
1290,0,0,0,0,0,0,0,0
1291,0,0,0,0,0,0,0,0
1294,0,0,0,0,0,0,0,0
1296,0,0,0,0,0,0,0,0
1298,0,0,0,0,0,0,0,1
1299,0,0,0,0,0,0,0,0
1300,0,0,0,0,0,0,0,0
1302,0,0,0,0,0,0,0,0
1303,0,0,0,0,0,0,0,0
1308,0,0,0,0,0,0,0,0
1309,0,0,0,0,0,0,0,0
1310,0,0,0,0,1,0,1,1
1313,0,1,1,0,0,1,3,1
1315,0,0,0,0,0,0,0,0
1316,0,0,0,0,0,2,0,0
1317,0,0,0,0,0,0,0,0
1321,0,0,0,0,0,0,0,0
1323,0,0,0,0,0,0,0,0
1324,0,0,0,0,0,0,0,0
1325,0,0,0,0,0,0,0,0
1329,1,1,2,4,2,1,3,2
1334,0,0,0,0,0,0,0,0
1335,0,0,0,0,0,0,0,0
1336,0,0,0,0,0,0,0,0
1339,1,0,0,0,0,0,0,0
1342,0,0,1,4,0,0,0,0
1343,0,0,1,1,0,0,0,0
1347,0,0,0,0,0,0,0,0
1349,0,0,0,0,0,0,0,0
1350,0,0,0,1,0,0,0,0
1351,0,0,0,0,0,0,0,0
1352,0,0,0,0,0,0,0,0
1356,0,0,0,0,0,0,0,0
1359,0,0,0,0,0,0,1,0
1362,0,0,0,0,0,0,0,0
1365,0,0,0,0,0,0,0,0
1366,0,0,0,0,0,0,0,0
1368,0,0,0,0,0,0,0,0
1370,0,0,0,0,0,0,0,0
1371,0,0,2,2,2,6,0,0
1372,0,0,0,0,0,0,0,0
1374,0,0,2,0,0,0,0,0
1376,0,0,0,0,0,0,0,0
1378,0,0,0,0,0,0,0,0
1379,4,2,2,7,5,4,4,2
1383,0,0,0,0,0,0,0,0
1385,0,0,0,0,0,0,0,0
1386,0,0,0,0,0,0,0,0
1387,0,0,0,0,0,0,0,0
1388,0,0,0,0,0,0,0,0
1389,0,0,0,1,0,0,0,0
1390,0,0,0,0,0,0,0,0
1392,0,0,0,0,0,0,0,0
1393,0,0,0,0,0,0,0,0
1396,0,0,0,0,0,0,0,0
1398,0,0,0,0,0,0,0,0
1405,1,1,0,3,1,1,3,0
1406,0,0,0,0,0,0,0,0
1407,0,0,0,0,0,0,1,0
1412,2,2,1,5,0,0,0,0
1413,0,0,0,0,0,0,0,0
1414,0,0,0,0,0,0,0,0
1417,0,0,0,0,0,0,0,0
1419,0,0,0,0,0,0,1,0
1420,0,0,0,0,0,0,0,0
1422,0,0,0,0,0,0,0,0
1424,0,0,0,0,0,0,0,0
1425,0,0,0,0,0,0,0,0
1426,0,0,0,0,0,0,0,0
1427,0,0,0,0,0,0,0,0
1428,0,0,0,0,0,0,0,0
1429,0,0,0,0,0,0,0,0
1434,0,0,0,0,0,0,0,0
1435,0,0,0,0,0,0,0,0
1436,0,0,0,0,0,0,0,0
1437,0,0,0,0,0,0,0,0
1438,0,0,0,0,0,0,0,0
1439,0,0,0,0,0,0,0,0
1440,0,0,0,0,0,0,0,0
1443,0,0,0,0,0,0,0,0
1444,0,0,0,0,0,0,0,0
1445,0,0,0,0,0,0,0,0
1446,0,0,0,0,0,0,0,0
1448,0,0,0,0,0,0,0,0
1449,0,0,0,0,0,0,0,0
1450,0,2,0,0,0,0,0,1
1452,0,0,0,0,0,0,0,0
1454,0,0,0,0,0,0,0,0
1455,3,14,3,10,10,3,6,5
1458,0,0,0,0,0,0,0,0
1459,0,0,0,0,0,0,0,0
1463,0,0,0,0,0,0,0,0
1464,2,0,0,0,0,0,1,0
1465,0,0,0,0,0,0,0,0
1466,0,0,0,0,0,0,0,0
1467,0,0,0,0,0,0,0,0
1472,0,0,0,0,1,0,0,0
1474,0,0,0,0,0,0,0,0
1475,0,0,1,0,1,1,4,0
1476,0,0,0,0,0,1,0,1
1477,0,0,0,0,0,0,0,0
1478,0,0,0,0,0,0,0,0
1481,8,8,1,3,6,3,7,4
1483,0,0,0,0,0,0,0,0
1484,0,0,0,0,0,0,0,0
1488,0,0,0,0,0,0,0,0
1489,0,0,0,0,0,0,0,1
1491,0,0,0,0,0,0,0,0
1493,4,0,2,2,0,0,4,0
1494,0,0,4,0,1,0,2,0
1495,1,1,62,3,5,1,15,0
1496,0,0,0,0,0,0,0,0
1497,0,0,0,0,0,0,0,0
1500,0,0,0,0,0,0,1,0
1501,0,0,0,0,0,0,0,0
1503,0,0,0,0,0,0,0,0
1505,0,0,0,0,0,0,0,0
1506,0,0,0,0,0,0,0,0
1507,0,0,0,0,0,0,0,0
1508,0,0,0,0,0,0,0,0
1509,0,0,0,0,0,0,0,0
1510,0,0,0,0,0,0,0,0
1513,0,0,0,0,0,0,0,0
1514,0,0,0,0,0,0,1,0
1516,0,0,0,0,0,1,0,0
1518,0,0,0,0,0,0,0,0
1519,0,0,0,0,0,0,0,0
1520,0,0,9,12,3,1,1,0
1523,0,1,0,0,0,0,0,0
1527,0,0,0,0,0,0,1,0
1528,0,0,0,0,0,0,0,0
1531,0,0,0,0,0,0,0,0
1532,0,0,0,0,0,0,0,0
1535,0,0,0,0,0,0,0,0
1536,0,0,0,0,0,0,0,0
1537,0,0,0,0,0,0,0,1
1538,0,0,0,0,0,0,0,0
1539,0,0,0,0,0,0,0,0
1542,0,0,0,0,0,0,0,0
1543,0,0,27,4,12,3,9,3
1544,0,0,0,0,0,0,0,0
1545,0,0,0,0,0,0,0,0
1549,0,0,0,0,0,0,0,0
1550,0,0,0,0,0,0,0,0
1552,0,0,0,0,0,0,0,0
1553,0,0,0,0,0,0,0,0
1555,0,0,0,0,0,0,0,0
1556,0,0,0,0,2,0,0,0
1557,0,0,0,0,0,1,0,0
1559,0,0,0,0,0,0,0,0
1561,0,0,0,0,1,0,0,0
1563,0,0,0,0,0,0,0,0
1566,0,0,0,0,0,0,0,0
1568,0,0,0,0,0,0,0,0
1570,0,0,0,0,0,0,0,0
1574,0,0,0,0,0,0,0,0
1575,0,0,0,0,0,0,0,0
1576,0,0,0,0,0,0,0,0
1577,0,0,2,0,0,0,0,0
1579,0,0,0,0,0,0,0,0
1580,0,0,0,0,0,0,0,0
1584,0,0,0,0,0,0,0,0
1588,0,0,0,0,0,0,0,0
1589,0,0,0,0,0,0,1,0
1590,0,0,0,0,0,0,0,0
1591,0,0,0,0,0,0,0,0
1592,0,0,0,0,0,0,0,0
1593,0,0,0,0,0,0,0,1
1594,0,0,0,0,0,0,0,0
1595,0,0,0,0,0,0,0,0
1596,0,0,0,0,0,0,0,0
1598,0,0,0,0,0,0,0,0
1599,0,0,0,0,0,0,0,0
1600,0,0,0,0,0,0,0,0
1601,0,0,0,0,0,0,0,0
1602,0,0,0,0,0,0,0,0
1603,0,0,0,0,0,0,0,0
1605,0,0,0,0,0,0,0,0
1606,0,0,0,0,0,0,0,0
1610,0,0,0,0,0,0,0,0
1613,0,0,0,0,0,0,0,0
1615,0,0,0,0,0,0,0,0
1617,0,0,0,0,0,0,0,0
1619,0,0,0,0,0,0,0,0
1620,0,0,0,0,0,0,0,0
1621,0,0,0,0,0,0,0,0
1622,1,0,0,0,0,1,0,0
1624,0,0,0,0,0,0,0,0
1627,0,0,0,0,0,0,0,0
1629,0,0,0,0,0,0,0,0
1632,0,0,0,0,0,0,0,0
1637,0,0,0,3,0,0,1,1
1638,4,6,0,1,1,0,1,2
1639,0,0,0,0,2,0,0,1
1641,0,0,0,0,0,0,0,0
1643,7,3,3,2,3,0,0,1
1645,0,0,0,0,0,0,1,0
1646,1,0,1,0,0,1,1,1
1647,0,0,2,0,0,0,0,0
1648,0,0,0,0,0,0,0,0
1650,0,0,0,0,0,0,0,0
1653,0,0,1,0,1,0,0,0
1654,0,0,6,5,0,3,6,2
1658,0,0,0,0,0,0,0,0
1659,0,0,0,0,0,0,0,0
1661,0,0,0,0,0,0,0,0
1662,0,0,0,0,0,0,0,0
1663,0,0,0,0,0,0,0,0
1664,0,0,0,0,0,0,1,0
1665,0,0,0,0,0,0,0,0
1667,0,0,0,0,0,0,0,0
1669,0,0,0,0,0,0,0,0
1672,0,0,0,0,0,0,0,0
1673,0,0,0,0,0,0,0,0
1675,0,0,0,0,0,0,0,0
1676,0,0,0,1,0,0,0,0
1678,0,0,0,0,0,0,0,0
1679,0,1,0,1,1,2,1,1
1680,0,0,0,0,0,0,0,0
1685,0,0,0,0,1,0,0,0
1687,0,0,0,0,0,0,0,0
1688,0,0,0,0,0,0,0,0
1690,0,0,0,1,0,0,0,0
1691,0,0,0,0,0,0,0,0
1692,0,0,0,0,0,0,0,0
1693,0,0,0,0,0,0,0,0
1696,0,0,0,0,0,0,0,0
1698,0,0,0,0,0,0,0,0
1702,0,0,0,0,0,0,0,0
1703,0,0,0,0,0,0,0,0
1708,0,0,0,0,0,0,0,0
1710,0,0,0,0,0,0,0,0
1711,0,0,0,0,0,0,0,0
1712,0,0,0,0,2,0,0,0
1716,0,0,0,0,0,2,0,0
1717,0,0,0,0,0,0,0,0
1718,0,0,0,0,0,0,0,0
1719,0,2,0,0,1,0,0,1
1720,0,0,2,1,1,1,1,0
1721,0,0,0,1,0,1,0,0
1722,0,0,0,0,0,0,0,0
1723,0,0,0,0,0,0,0,0
1724,0,0,0,0,0,0,0,0
1725,1,0,1,2,5,0,0,0
1727,0,0,0,0,0,0,0,0
1728,0,0,1,0,2,0,0,0
1729,0,0,0,0,0,0,0,0
1731,0,0,0,0,0,0,0,0
1734,0,0,0,0,0,0,0,0
1735,0,0,0,0,0,0,0,0
1737,0,0,3,1,0,0,0,0
1739,0,0,0,0,0,0,0,0
1740,1,0,3,7,2,1,0,3
1741,0,0,0,0,0,0,0,0
1742,2,1,2,3,1,3,3,1
1744,0,0,0,0,0,0,0,1
1745,13,29,6,26,15,15,18,43
1746,0,0,0,0,0,0,0,0
1747,0,0,0,0,0,0,2,0
1748,0,0,0,0,0,0,0,0
1749,0,1,0,1,1,1,0,0
1753,0,0,0,0,0,0,0,1
1756,0,0,0,0,0,0,0,0
1757,0,0,0,0,0,0,0,0
1758,1,0,0,1,0,1,0,1
1759,0,0,0,0,0,0,0,0
1761,0,0,0,0,0,0,0,0
1763,0,0,0,0,0,0,0,0
1764,0,0,0,0,0,0,0,0
1766,0,0,0,0,0,0,0,0
1767,0,0,0,0,0,2,0,0
1768,0,0,0,0,0,0,0,0
1770,0,0,0,0,0,0,0,0
1773,0,0,0,0,0,0,0,0
1774,0,0,0,0,0,0,0,0
1778,0,0,0,0,0,0,0,0
1779,0,0,0,0,0,0,0,0
1782,0,0,0,0,0,0,0,0
1783,0,0,0,0,0,0,0,0
1785,0,0,0,0,0,0,0,0
1788,0,0,0,0,0,0,0,0
1790,0,0,0,0,0,0,0,0
1791,0,0,0,0,0,0,0,0
1793,0,0,0,0,0,0,0,0
1795,0,0,0,0,2,0,0,0
1797,3,0,0,0,3,0,0,0
1798,0,0,0,0,0,0,0,0
1799,0,0,0,0,0,0,0,0
1805,0,0,0,0,0,0,0,0
1806,0,0,0,0,0,0,0,0
1811,0,0,0,0,0,0,0,0
1812,0,0,0,0,0,0,0,0
1813,0,0,0,0,0,0,0,0
1814,0,0,0,0,0,0,0,0
1818,0,0,0,0,0,0,0,0
1822,0,0,0,0,0,0,0,0
1823,0,0,0,0,0,0,0,0
1824,1,5,2,7,5,5,2,3
1827,0,0,0,0,0,0,0,0
1829,0,0,0,0,0,0,0,0
1830,0,0,0,0,0,0,0,0
1831,0,0,0,0,0,0,0,0
1832,0,0,0,0,0,0,0,0
1834,0,0,0,0,0,0,0,0
1841,0,0,0,1,0,0,0,0
1842,0,0,0,0,1,2,0,0
1844,0,0,0,0,0,0,0,0
1846,0,0,0,0,0,0,0,0
1847,0,0,0,0,0,0,0,0
1849,0,0,0,0,0,0,0,0
1850,1,1,0,0,0,1,0,0
1852,0,0,0,0,0,0,0,0
1855,1,0,0,0,0,0,0,0
1864,0,0,0,0,0,0,0,0
1866,0,0,0,0,0,0,0,0
1870,29,6,324,24,2,4,2,0
1872,0,0,0,0,1,0,0,0
1874,12,2,109,7,21,9,29,20
1875,0,0,0,0,0,0,0,0
1876,0,0,0,0,0,0,0,1
1878,16,22,8,33,11,12,18,23
1879,8,7,13,11,15,4,7,4
1881,0,0,0,0,0,0,0,0
1882,1,0,0,0,0,1,10,0
1884,0,0,0,0,0,0,0,0
1885,6,12,4,9,3,18,9,7
1889,0,0,0,0,0,0,0,0
1891,0,0,0,0,0,0,0,0
1892,0,5,0,2,0,0,2,3
1894,0,0,0,0,0,1,0,0
1896,0,0,0,0,0,0,2,0
1899,0,0,0,0,0,0,0,0
1901,0,0,0,0,0,0,0,0
1903,0,0,0,0,0,0,0,0
1905,0,0,0,0,0,0,0,0
1906,0,0,0,0,0,0,1,0
1908,0,0,0,0,0,0,0,0
1909,0,0,0,0,0,0,0,0
1912,0,0,0,0,0,0,0,1
1914,0,0,0,0,0,0,0,0
1916,0,0,0,0,0,0,0,0
1918,0,0,0,0,0,0,0,0
1921,0,0,4,0,2,0,3,0
1922,0,1,0,0,0,0,0,0
1924,0,0,0,0,0,0,0,0
1925,0,0,0,0,0,0,0,0
1926,0,0,0,0,0,0,0,0
1928,0,0,0,0,0,0,0,0
1932,0,1,0,0,0,1,0,0
1936,0,0,1,2,0,0,0,0
1937,0,0,0,0,0,0,0,0
1939,0,1,0,0,0,0,0,0
1942,0,0,0,0,0,0,0,0
1944,0,0,0,0,0,0,0,0
1945,64,59,11,63,54,28,38,48
1946,0,0,0,0,0,0,0,0
1947,0,0,0,0,0,0,0,0
1948,0,0,0,0,0,0,0,0
1950,0,0,0,0,0,0,0,0
1951,0,0,0,0,0,0,0,0
1953,0,0,0,0,0,0,0,0
1954,0,0,0,0,0,0,0,0
1959,0,0,0,0,0,0,0,0
1960,1,0,0,0,1,0,0,0
1961,0,0,0,0,0,0,0,0
1962,1,0,2,1,1,2,0,0
1964,0,0,0,0,0,0,0,0
1968,0,1,0,1,0,0,0,0
1972,0,0,0,0,0,0,0,0
1973,0,0,0,0,0,0,1,0
1975,0,0,0,1,0,0,0,0
1976,0,0,0,0,0,0,0,0
1978,0,0,0,0,0,0,0,0
1979,0,0,0,0,0,0,0,0
1981,0,0,0,1,0,0,0,1
1982,9,0,5,11,1,4,10,8
1988,0,0,0,0,0,0,0,0
1989,0,0,0,0,0,0,0,0
1992,0,0,0,0,0,0,1,0
1994,0,0,0,0,0,0,0,0
1995,0,0,1,0,0,0,0,0
1997,0,0,0,1,0,0,0,0
1999,1,0,0,0,0,0,0,0
2000,0,0,4,4,1,0,0,0
2003,1,0,0,0,0,0,0,0
2006,0,0,0,0,0,0,0,0
2007,0,0,0,0,0,0,0,0
2010,0,0,0,0,0,0,0,0
2012,0,0,0,0,0,0,0,0
2013,0,0,0,0,0,0,0,0
2014,0,0,0,1,0,0,0,0
2015,1,2,0,0,2,0,0,0
2017,0,0,0,0,0,0,0,0
2019,0,1,8,0,1,4,13,4
2022,1,0,0,2,2,1,3,2
2026,0,0,0,0,0,0,0,0
2029,0,4,0,0,0,0,0,0
2030,2,3,2,7,5,3,2,6
2031,0,0,0,0,0,0,0,0
2033,0,0,0,0,0,0,1,0
2035,0,0,0,0,0,0,0,0
2038,0,0,0,0,0,0,0,0
2039,0,0,2,2,0,0,0,0
2042,1,0,0,0,0,0,0,0
2043,0,0,0,0,0,0,0,0
2044,0,0,0,0,0,0,0,0
2045,0,0,0,0,0,0,0,0
2046,0,0,0,0,0,0,0,0
2048,0,0,0,0,0,0,0,0
2049,0,1,0,0,0,0,0,0
2054,0,0,0,0,0,0,0,0
2055,3,2,3,3,1,3,8,2
2059,0,0,0,0,0,0,2,0
2061,0,0,0,1,0,0,0,0
2063,0,0,0,0,0,0,0,0
2064,0,0,0,0,0,0,0,0
2065,0,1,0,0,0,0,1,1
2070,0,0,0,0,0,0,0,0
2074,0,0,0,0,0,0,0,0
2076,1,0,0,0,0,0,0,0
2077,0,0,0,0,0,0,0,0
2078,1,2,1,5,0,4,11,1
2080,1,0,2,0,2,0,4,2
2081,1,0,0,0,0,0,1,0
2082,0,0,0,0,0,0,0,0
2083,0,1,0,0,0,0,0,0
2084,0,0,0,0,0,0,0,0
2086,1,0,0,0,0,0,1,0
2089,0,0,2,0,0,0,0,0
2090,0,0,0,0,0,0,0,0
2091,0,0,0,0,0,0,0,0
2092,0,0,0,0,3,1,1,0
2093,0,0,0,0,0,0,0,0
2094,0,0,0,0,0,0,1,0
2095,13,9,16,8,11,8,9,6
2098,1,2,0,0,0,0,0,0
2100,0,0,0,0,0,0,0,0
2101,5,0,1,0,1,1,0,0
2104,0,0,0,0,0,0,0,0
2107,0,0,0,0,0,0,0,0
2108,1,3,70,64,31,13,3,2
2112,0,0,0,0,0,0,0,0
2113,0,0,0,0,0,0,0,0
2115,0,0,0,0,0,0,0,0
2116,0,0,0,0,0,0,0,0
2118,0,0,0,0,0,0,0,0
2119,0,0,0,0,0,0,0,0
2120,0,0,0,0,0,0,0,0
2121,0,0,0,0,0,0,0,0
2122,0,3,1,2,0,1,0,0
2123,2,1,0,3,2,2,0,0
2124,48,0,102,57,72,10,58,15
2126,0,1,0,0,0,0,0,0
2128,0,0,0,0,0,0,0,0
2129,0,0,0,0,0,1,0,0
2134,0,0,0,0,0,0,0,0
2135,0,0,0,0,0,0,0,0
2136,0,0,0,0,0,0,0,0
2137,0,0,0,0,0,0,0,0
2139,0,0,0,0,0,0,0,0
2140,0,0,0,0,0,0,0,0
2144,1,0,0,0,0,0,0,0
2151,0,0,0,0,0,0,0,0
2152,7,1,1,10,1,6,4,8
2153,0,0,0,0,0,0,0,0
2156,0,0,0,1,0,0,0,0
2157,0,0,0,0,0,0,0,0
2159,0,0,0,0,0,0,0,0
2160,0,0,0,0,0,0,0,0
2161,0,0,0,0,0,0,0,0
2162,0,0,0,0,0,0,1,0
2164,0,0,0,0,0,0,0,0
2166,0,0,0,0,0,0,0,0
2167,0,0,0,1,0,0,0,0
2169,0,0,0,0,0,0,0,0
2170,0,0,3,2,2,0,2,2
2171,2,5,0,1,5,2,3,0
2172,0,0,1,0,0,0,0,0
2174,0,0,0,0,0,0,0,0
2175,0,0,0,0,0,0,0,0
2177,0,0,0,0,0,0,0,0
2180,0,0,0,0,0,0,0,0
2181,0,0,0,0,0,0,0,0
2184,0,0,0,0,0,0,0,0
2187,0,0,0,0,0,0,0,0
2188,0,0,0,0,0,0,0,0
2192,0,0,0,0,0,0,0,0
2193,0,0,0,0,0,0,0,0
2194,0,0,0,0,0,0,0,0
2196,0,0,1,0,0,0,0,0
2199,0,0,0,0,0,0,0,0
2201,0,0,0,0,0,0,0,0
2204,0,0,0,0,0,0,0,0
2208,0,0,0,0,0,0,0,0
2209,0,0,0,0,0,0,0,0
2211,0,0,0,0,0,0,0,0
2212,0,0,0,0,0,0,0,0
2213,0,0,0,1,1,3,0,0
2216,0,0,0,0,0,0,0,0
2218,0,0,4,0,0,0,0,0
2219,0,0,0,0,0,1,0,0
2223,0,0,0,0,0,0,0,0
2224,0,0,0,1,2,0,0,0
2225,0,0,0,0,0,0,0,0
2226,0,0,0,0,0,0,0,0
2228,1,0,0,0,0,0,0,0
2230,0,0,0,0,1,0,0,0
2232,0,0,0,0,0,0,0,0
2240,0,0,0,0,0,0,0,0
2242,0,0,0,0,0,0,0,0
2248,0,0,0,0,0,0,0,0
2249,0,0,0,0,0,0,0,0
2251,0,0,0,0,0,0,1,0
2255,0,0,0,0,2,1,0,0
2256,0,0,0,0,0,0,0,0
2259,0,0,0,0,0,0,0,0
2261,0,0,0,0,0,0,0,0
2262,0,0,0,0,0,1,2,0
2263,0,0,0,0,0,0,0,0
2266,0,0,0,0,0,0,0,0
2267,0,0,0,0,0,0,0,0
2268,0,0,0,0,0,0,0,0
2269,0,0,0,0,0,0,0,0
2272,0,0,0,0,0,0,0,0
2273,0,0,0,0,0,0,0,0
2275,0,0,0,0,0,0,0,0
2276,0,0,5,0,0,1,0,1
2277,0,0,0,0,0,0,0,0
2282,0,0,0,0,0,0,0,0
2284,0,0,0,0,0,0,0,0
2285,0,0,0,1,1,0,0,3
2287,0,1,0,8,1,3,0,4
2288,0,1,0,0,2,0,0,0
2289,0,0,0,0,0,0,0,0
2292,0,0,0,0,0,0,0,0
2294,0,0,0,0,1,0,0,0
2295,0,0,3,2,0,0,1,0
2296,0,0,2,0,0,0,1,0
2297,0,1,0,0,0,4,0,0
2298,0,0,0,0,0,0,0,0
2301,0,0,0,0,0,0,0,0
2303,1,1,0,0,3,0,0,1
2305,0,0,0,0,0,0,0,0
2306,0,0,0,0,0,0,0,0
2307,0,0,0,0,0,0,0,0
2310,0,0,0,0,2,0,0,0
2312,0,0,0,0,0,0,0,0
2313,0,0,0,2,3,2,1,2
2314,0,0,0,0,0,0,0,0
2315,0,0,0,0,0,0,0,0
2317,0,0,0,0,0,0,0,0
2318,6,1,8,6,3,7,1,0
2319,0,0,0,0,0,0,1,2
2320,0,0,0,0,0,0,0,0
2321,0,0,0,0,0,0,0,0
2322,0,0,0,0,0,0,0,0
2323,0,0,0,0,0,0,0,0
2324,0,0,0,0,0,0,0,0
2325,0,0,0,0,0,0,0,0
2328,1,1,0,3,7,0,3,1
2329,0,0,0,0,0,0,0,0
2331,1,0,1,0,0,1,1,0
2334,0,0,0,0,0,0,0,0
2337,0,0,0,0,1,3,0,1
2338,0,1,0,0,0,0,0,0
2339,0,0,1,0,0,1,1,0
2340,0,0,0,0,0,0,1,0
2342,0,0,0,1,0,0,0,0
2344,0,0,0,0,0,0,0,0
2345,0,0,0,0,0,0,0,0
2346,0,0,1,0,0,0,0,0
2348,0,0,3,2,0,0,1,0
2349,0,0,1,0,0,0,0,0
2350,0,0,0,0,0,2,0,0
2352,0,0,0,0,0,0,0,0
2353,0,0,0,0,0,0,0,0
2356,0,0,0,0,0,0,0,0
2357,0,0,0,0,0,0,0,0
2358,0,0,0,0,0,0,0,0
2359,0,0,0,0,0,0,0,0
2360,0,0,1,1,0,1,0,0
2365,0,0,4,0,1,1,0,0
2366,0,0,0,0,0,0,0,0
2368,0,0,0,0,0,0,0,0
2370,0,0,1,0,2,1,0,0
2371,5,2,7,11,4,2,4,2
2372,0,1,18,4,1,4,6,3
2373,0,0,23,11,0,6,2,6
2375,0,0,0,0,0,0,0,0
2377,0,0,0,1,1,0,0,0
2378,0,0,0,0,0,0,0,0
2380,0,0,0,0,0,0,0,0
2381,0,0,0,0,0,0,0,0
2382,0,0,0,0,1,0,1,0
2383,0,0,0,0,0,0,0,0
2384,13,14,21,31,15,15,16,20
2386,1,0,3,0,1,1,2,0
2387,0,1,0,0,1,0,0,0
2388,0,0,0,1,0,0,0,0
2390,0,0,0,0,0,0,0,0
2393,0,0,0,0,0,0,1,0
2394,0,0,0,0,0,0,0,0
2395,0,0,0,0,0,0,0,0
2396,0,0,0,0,0,0,1,0
2399,0,0,0,0,0,0,0,0
2400,0,0,0,0,0,0,0,0
2405,0,0,0,0,0,0,0,0
2407,0,0,0,0,0,0,0,1
2409,38,83,25,84,67,75,39,34
2411,0,0,0,0,0,0,0,0
2413,0,0,0,0,0,0,0,0
2415,2,1,1,1,0,0,0,0
2416,0,0,0,0,0,0,1,0
2417,0,0,0,0,0,0,0,0
2419,0,0,0,0,0,0,0,0
2420,0,0,1,2,2,0,1,0
2421,0,0,0,0,0,0,0,0
2424,0,0,1,0,0,0,0,0
2425,0,0,0,2,0,0,0,0
2427,0,0,0,0,0,0,0,0
2428,0,0,0,0,0,0,0,0
2432,0,0,0,0,0,0,0,0
2433,1,0,0,0,0,0,0,0
2434,0,0,0,0,0,0,0,0
2435,0,0,0,0,0,0,0,0
2436,0,0,0,0,0,0,0,0
2437,0,0,0,0,0,0,0,0
2439,0,0,0,0,0,0,0,0
2440,0,1,0,0,0,0,0,0
2441,0,0,0,0,0,0,0,0
2443,0,0,0,0,0,0,0,0
2444,0,0,0,0,0,0,0,0
2445,0,0,0,0,0,0,1,1
2446,0,0,2,1,3,1,0,0
2448,0,0,0,0,0,0,0,0
2449,10,12,15,26,15,23,26,64
2450,0,0,0,0,0,0,0,0
2452,0,0,0,0,1,0,1,1
2453,89,92,124,264,109,102,47,105
2454,0,0,0,0,0,0,1,0
2457,2,0,1,1,2,2,2,0
2458,0,0,0,1,0,0,0,0
2459,0,1,0,0,1,1,0,0
2463,0,0,0,0,0,1,0,0
2466,0,0,1,0,1,0,1,2
2468,0,0,0,0,0,0,0,0
2469,0,0,0,0,0,0,0,0
2471,1,4,0,0,0,0,0,3
2472,0,0,0,0,0,0,0,0
2474,0,0,0,0,0,0,0,2
2476,0,0,0,0,0,0,0,0
2477,0,0,0,1,0,0,1,0
2480,0,0,0,0,0,0,0,0
2482,0,0,0,0,0,0,0,0
2483,0,0,0,0,0,0,0,0
2487,0,0,0,0,0,0,1,0
2489,0,0,0,0,0,0,0,0
2492,0,0,0,0,0,0,0,0
2495,0,0,0,0,0,0,3,0
2496,0,0,0,0,0,0,0,0
2498,0,0,0,0,0,0,0,0
2500,0,0,0,0,0,0,0,0
2501,0,0,0,0,0,0,0,0
2518,6,8,21,32,16,9,18,5
2519,0,0,0,0,0,0,0,0
2522,0,0,0,0,0,0,0,0
2523,0,0,0,0,0,0,0,0
2525,0,0,3,0,1,0,0,0
2533,0,0,0,0,0,0,0,0
2534,5,16,15,3,4,5,9,5
2542,0,0,0,0,0,0,0,0
2543,0,0,0,0,0,0,0,0
2547,0,0,0,0,0,0,0,0
2548,0,0,0,0,0,0,0,0
2550,5,7,6,6,1,1,0,1
2552,0,0,0,0,0,0,0,0
2554,1,0,0,5,0,0,0,0
2565,0,0,0,0,0,0,0,0
2566,0,0,0,1,0,0,0,0
2568,0,0,0,0,0,0,0,0
2574,17,35,2,47,10,24,16,18
2577,5,4,2,3,1,0,2,0
2579,0,0,4,6,2,2,1,0
2580,0,0,0,0,1,0,0,0
2581,82,58,142,160,150,100,109,30
2585,0,0,0,1,0,0,1,0
2587,0,0,0,0,0,0,0,0
2589,0,0,0,0,0,0,0,0
2590,0,0,0,0,0,0,0,0
2592,0,0,0,0,0,0,0,0
2593,0,0,0,0,0,0,0,0
2594,0,0,0,0,0,0,0,0
2595,0,0,0,0,0,0,0,0
2596,0,0,0,0,0,0,0,0
2598,0,0,0,0,0,0,0,0
2599,0,0,0,0,0,5,0,0
2603,0,3,4,3,6,6,3,2
2604,0,0,0,0,0,0,0,0
2605,0,0,0,0,0,0,0,0
2607,0,0,0,0,0,0,0,0
2608,0,0,0,0,0,0,0,0
2609,0,0,0,0,0,1,0,0
2611,0,0,0,0,0,0,0,0
2612,0,0,0,0,0,0,0,0
2613,0,0,0,0,0,0,0,0
2614,0,0,0,0,0,0,0,0
2618,0,0,0,0,0,0,0,0
2620,0,0,0,0,0,0,0,0
2621,0,0,0,0,0,0,0,0
2623,0,0,0,0,0,0,0,0
2624,0,0,0,0,0,0,0,0
2626,0,0,0,0,0,0,0,0
2627,0,0,1,0,0,0,0,0
2628,0,0,5,1,0,1,0,1
2630,0,0,0,0,0,0,0,0
2631,0,0,0,0,0,0,0,0
2636,0,0,0,0,0,0,0,0
2637,254,111,724,374,1209,474,246,442
2639,0,0,0,0,0,0,0,0
2640,0,0,0,0,0,0,0,0
2641,0,0,0,0,0,0,0,0
2643,0,0,0,0,0,0,0,0
2644,0,0,0,0,0,0,0,0
2645,0,0,0,0,0,0,0,0
2646,0,0,0,0,0,0,0,0
2647,0,0,0,0,0,0,0,0
2648,0,0,0,1,0,0,0,0
2649,0,0,1,0,0,0,0,0
2650,0,0,0,0,0,0,0,0
2651,0,0,0,0,0,0,0,0
2653,0,0,0,3,0,1,2,1
2658,0,0,0,0,0,0,0,0
2662,1,0,0,1,0,0,0,0
2663,0,0,0,0,0,0,0,0
2664,0,2,0,0,0,0,2,0
2666,0,0,0,0,0,0,0,0
2667,0,0,0,0,1,0,0,0
2668,0,0,0,0,0,0,0,0
2670,1,0,0,3,0,0,0,0
2671,0,0,0,0,0,0,0,1
2673,0,1,0,0,0,1,0,0
2674,0,6,0,1,0,0,2,2
2675,1,0,7,3,1,0,4,0
2676,0,0,0,0,0,0,0,0
2677,0,3,3,0,0,0,0,2
2679,0,0,0,0,0,0,0,0
2681,0,0,0,0,0,0,0,0
2683,0,0,0,0,0,0,0,0
2687,0,0,0,0,0,0,0,0
2688,0,0,0,0,0,0,0,0
2689,0,0,0,1,0,0,0,0
2690,0,0,0,0,0,0,0,0
2691,0,0,0,0,0,0,0,0
2692,1,1,0,2,0,3,0,5
2696,0,0,0,0,0,0,0,0
2698,0,0,1,1,2,1,0,1
2699,1,0,0,3,1,1,0,7
2703,1,1,0,0,0,0,0,0
2706,0,0,0,0,0,0,0,0
2710,0,0,0,0,0,0,0,0
2715,0,0,0,0,0,0,0,0
2716,0,0,0,0,0,0,0,0
2718,0,0,0,0,0,0,0,0
2721,0,1,0,0,0,0,0,0
2724,19,1,48,2,27,5,46,8
2727,0,0,0,0,0,0,0,0
2729,0,0,0,0,0,0,0,0
2730,0,0,0,0,0,0,0,0
2731,0,0,0,0,0,0,0,0
2732,0,0,0,0,0,0,0,0
2734,0,0,0,1,0,0,0,0
2735,0,0,0,0,0,0,0,0
2737,0,0,0,2,0,0,0,0
2740,0,0,0,0,0,0,0,1
2741,0,0,0,0,0,0,0,0
2744,2,0,1,0,0,2,1,1
2745,0,0,0,0,0,0,0,0
2748,0,0,0,0,0,0,0,0
2749,0,0,0,0,1,0,0,0
2750,0,0,0,0,0,0,0,0
2754,0,0,0,0,0,0,0,0
2755,0,1,0,0,1,0,2,0
2756,0,0,0,0,0,0,0,0
2758,0,0,0,0,0,0,0,0
2761,0,0,0,0,0,0,0,0
2763,0,0,0,0,0,0,0,0
2764,0,0,0,0,0,0,0,0
2765,0,0,0,0,0,0,0,0
2766,0,0,0,0,0,0,0,0
2770,0,0,0,0,0,0,0,0
2772,0,0,0,0,0,0,0,0
2773,0,0,0,0,0,0,0,0
2776,0,1,0,0,0,1,0,0
2777,0,0,0,0,0,0,0,0
2781,0,0,0,0,0,0,0,0
2782,0,0,0,0,0,0,0,0
2787,0,0,0,0,0,0,0,0
2788,0,0,0,0,0,0,0,0
2793,0,0,0,0,0,0,0,0
2795,0,0,0,0,0,0,0,0
2797,0,0,0,0,0,0,0,0
2798,0,0,0,0,0,0,0,0
2800,8,1,4,3,1,2,0,0
2804,0,0,0,0,0,0,0,0
2806,0,0,0,1,0,0,0,0
2807,0,0,0,0,0,0,0,0
2809,0,0,0,0,0,0,0,0
2812,0,0,0,0,0,0,0,0
2813,0,0,0,0,0,0,0,0
2814,0,0,0,1,0,0,0,0
2815,0,0,0,0,0,0,0,0
2817,0,0,0,0,0,0,0,1
2819,0,0,0,0,0,0,0,0
2820,0,0,0,0,0,0,0,0
2821,0,0,0,0,0,0,0,0
2822,0,0,2,0,0,0,0,1
2823,0,0,0,0,0,0,0,0
2824,0,0,0,0,0,0,0,0
2825,0,0,0,0,0,0,0,0
2826,0,0,0,0,0,0,0,0
2827,0,0,0,0,0,0,0,0
2828,0,0,0,0,0,0,1,0
2829,1,0,1,0,0,0,0,0
2830,0,0,0,0,0,0,0,0
2832,0,0,0,0,0,0,0,0
2836,0,0,0,0,1,0,0,0
2837,0,1,0,0,0,0,0,0
2839,0,0,0,0,0,0,0,0
2841,0,1,1,1,1,0,0,1
2844,0,0,0,0,0,0,0,0
2845,0,0,0,0,0,0,0,0
2846,0,0,0,0,0,0,0,0
2847,0,0,0,0,0,0,0,0
2848,0,0,0,0,0,0,0,0
2849,0,0,0,0,0,0,0,0
2850,0,0,0,0,0,0,0,0
2852,0,0,0,0,2,0,0,0
2855,0,0,0,0,0,0,0,0
2856,0,0,0,0,0,0,2,0
2858,0,0,0,0,0,0,0,0
2860,0,0,0,0,0,0,0,0
2862,0,0,0,0,0,0,0,0
2863,0,0,0,0,0,0,0,0
2864,0,0,0,0,0,0,0,0
2865,0,0,0,0,0,0,0,0
2866,0,0,0,0,0,0,0,0
2867,0,0,4,2,3,1,2,0
2869,1,0,0,1,0,0,0,0
2871,0,0,0,0,0,0,0,0
2872,0,0,0,0,0,0,0,0
2873,0,0,0,0,0,0,0,0
2875,0,0,0,0,0,0,0,0
2876,0,0,0,0,0,0,0,0
2878,0,0,0,0,0,0,0,0
2879,0,0,0,0,0,0,2,0
2885,0,0,0,0,0,0,0,0
2886,0,0,0,0,0,0,0,0
2890,0,0,0,0,0,0,0,0
2891,0,0,0,2,0,0,1,0
2895,0,0,0,0,0,0,0,0
2897,0,0,0,0,0,0,0,0
2898,0,0,0,0,0,0,0,0
2899,0,0,0,0,0,0,0,0
2900,0,0,0,0,0,0,0,0
2902,0,0,0,0,0,0,0,0
2903,0,0,0,0,0,0,0,0
2907,0,0,0,0,0,0,0,0
2909,325,162,396,527,811,569,468,330
2910,1,0,2,2,3,3,0,0
2912,0,0,0,0,0,0,0,0
2914,8,9,8,15,15,12,7,6
2916,0,0,0,1,1,0,0,0
2917,0,0,1,0,0,0,3,0
2921,0,2,0,0,0,0,0,0
2924,0,0,0,2,0,0,0,0
2926,0,0,0,0,0,0,0,0
2930,0,0,0,0,0,0,0,0
2932,0,0,0,0,0,0,0,0
2933,0,0,0,0,0,0,0,0
2934,0,1,0,0,0,0,0,0
2937,0,0,0,1,0,1,0,0
2938,0,1,0,0,0,0,0,0
2939,0,0,0,0,0,0,0,0
2940,3,0,0,2,0,0,1,0
2941,0,0,0,0,0,0,0,0
2946,0,0,0,0,0,0,0,0
2948,0,0,0,0,0,0,0,0
2952,4,0,1,0,0,0,1,0
2953,0,0,0,0,0,0,0,0
2955,0,2,0,2,7,3,2,1
2957,0,0,0,0,0,0,0,0
2959,0,0,0,0,0,0,0,0
2962,0,0,0,0,0,0,0,0
2963,0,0,0,0,0,0,0,0
2964,0,0,0,1,0,0,0,0
2965,0,1,0,0,1,0,0,0
2966,0,0,0,0,0,0,0,0
2969,0,0,0,0,0,0,0,0
2970,0,0,0,0,0,0,0,0
2971,0,0,0,0,0,0,0,0
2972,0,0,0,0,0,0,1,0
2976,0,0,0,0,0,0,0,0
2977,0,0,0,0,0,0,0,0
2978,0,0,0,0,0,0,0,0
2981,0,1,0,3,0,0,2,3
2982,8,3,21,24,9,11,14,22
2983,0,2,2,0,2,0,0,1
2984,14,17,2,16,9,17,13,12
2985,1,0,0,0,0,0,0,0
2986,0,0,0,0,0,0,2,0
2989,1,0,0,1,1,2,0,0
2991,0,0,0,0,0,0,0,0
2993,0,0,1,0,0,0,0,2
2997,0,0,0,0,0,0,0,0
2998,2,3,0,17,5,3,2,5
3002,0,0,2,0,0,0,0,0
3003,0,0,0,0,0,0,0,0
3004,0,1,0,0,0,0,0,0
3005,0,0,0,0,0,1,0,0
3016,1,0,0,0,0,0,0,0
3017,0,0,0,0,0,0,0,0
3018,0,0,0,0,1,1,0,0
3020,0,0,0,0,0,0,0,0
3024,0,0,0,0,0,0,0,0
3025,0,0,0,0,0,0,0,0
3026,0,0,0,0,0,0,0,0
3027,0,0,0,0,0,0,0,0
3030,0,0,0,0,0,0,0,0
3031,0,0,0,0,0,0,0,0
3032,0,0,0,0,0,0,0,0
3033,0,0,0,0,0,0,0,0
3035,0,0,0,0,0,0,0,0
3037,0,0,1,0,0,0,0,0
3038,0,0,0,0,0,0,0,0
3042,0,0,0,0,0,0,0,0
3043,0,0,0,0,0,0,0,0
3046,0,0,0,0,0,0,0,0
3050,0,0,0,2,0,0,0,0
3052,10,0,6,10,23,7,17,5
3054,0,0,0,0,0,0,0,0
3055,0,0,0,0,0,0,0,0
3058,0,0,0,0,0,0,0,0
3064,0,0,0,0,0,0,0,0
3066,0,0,0,0,0,0,0,0
3068,0,0,0,0,0,0,0,0
3069,0,0,0,0,0,0,0,0
3070,0,0,0,0,0,0,0,0
3072,0,0,0,0,0,0,0,0
3074,0,0,0,0,0,0,0,0
3076,0,0,0,0,0,0,0,0
3078,0,0,0,0,0,0,0,0
3081,0,0,0,0,0,0,0,0
3083,0,0,0,0,0,2,0,0
3085,0,0,0,0,0,0,0,0
3087,1,0,1,3,0,0,0,0
3088,0,0,0,0,0,0,0,0
3089,1,2,6,4,3,1,5,1
3090,1,1,2,2,0,1,0,2
3092,0,3,0,0,1,0,1,0
3093,0,0,0,0,0,0,0,0
3095,0,0,0,2,2,0,5,1
3097,0,0,0,0,0,0,0,0
3099,0,0,0,0,0,0,0,0
3100,0,0,0,0,0,0,0,0
3101,0,0,0,0,0,0,3,0
3102,0,0,0,0,0,0,0,0
3103,0,0,0,0,0,0,0,0
3104,9,8,19,17,9,13,5,8
3107,0,0,0,0,0,0,0,0
3109,0,0,0,0,0,0,0,0
3110,0,0,0,0,0,0,0,0
3112,0,0,0,0,0,0,0,0
3113,0,0,0,1,0,0,0,0
3118,0,0,0,2,0,0,0,0
3120,0,0,0,0,0,0,0,0
3122,0,0,0,3,0,0,2,0
3123,2,1,0,0,0,0,0,0
3126,0,0,0,0,0,0,0,0
3129,0,0,0,0,0,0,0,0
3136,0,0,0,0,0,0,0,0
3138,0,0,0,0,0,0,0,0
3142,0,0,0,0,0,0,3,0
3145,0,0,0,2,1,0,0,0
3149,0,0,0,0,0,0,0,0
3150,0,0,0,0,0,1,0,0
3151,0,0,0,0,0,0,0,0
3155,2,1,0,0,0,0,4,0
3156,0,2,1,2,1,3,3,0
3158,0,0,0,0,0,0,0,0
3162,0,0,0,0,0,0,0,0
3165,0,0,0,0,0,0,0,1
3166,0,0,0,0,0,0,0,0
3167,0,1,0,0,1,0,2,0
3170,0,0,0,0,0,0,0,1
3171,3,0,2,0,0,0,0,0
3172,0,0,0,0,0,0,0,0
3173,0,0,0,0,0,0,0,0
3175,1,0,0,0,0,2,4,1
3176,0,0,0,0,0,0,0,0
3177,0,0,0,0,0,0,0,0
3178,0,1,0,0,0,0,0,0
3180,0,0,0,0,0,0,0,0
3182,0,0,0,0,0,0,0,0
3183,0,0,0,0,0,0,0,0
3184,0,0,0,0,0,0,0,0
3185,0,0,0,0,0,0,0,0
3187,0,0,1,0,0,0,0,0
3189,0,0,0,0,0,0,0,3
3191,0,0,1,0,0,0,0,0
3193,0,0,0,0,1,0,0,0
3194,0,0,0,0,0,0,0,0
3196,1,0,1,0,0,0,0,0
3199,8,10,18,28,25,11,9,10
3200,0,0,0,0,0,0,0,0
3203,0,0,0,0,0,0,0,0
3204,0,0,0,0,0,0,0,0
3209,0,0,0,0,0,0,0,0
3213,8,3,2,11,10,3,7,4
3215,1,1,3,13,1,5,14,18
3221,0,0,0,0,0,0,0,0
3222,0,0,0,0,0,0,0,1
3224,0,0,0,0,0,0,0,0
3226,0,0,0,0,0,0,0,0
3231,0,0,0,0,0,0,0,0
3232,0,0,0,0,0,0,0,0
3233,0,0,0,0,0,0,0,0
3234,0,0,0,0,0,0,0,0
3236,0,0,0,0,0,0,0,0
3238,0,0,0,0,0,0,0,0
3241,0,0,0,0,0,0,0,0
3244,0,0,0,0,0,0,0,0
3245,1,0,4,0,2,0,1,2
3247,0,0,0,0,0,0,0,0
3250,1,0,0,2,0,1,1,1
3253,0,0,0,0,0,0,0,0
3254,0,0,0,0,0,0,0,0
3255,0,0,0,0,0,0,0,0
3256,0,0,0,0,0,0,0,0
3257,0,0,0,0,0,0,1,0
3258,0,0,0,0,0,0,0,1
3261,0,0,0,0,0,0,0,0
3263,0,0,0,0,0,0,0,0
3269,0,0,0,0,0,0,0,0
3274,0,0,0,0,0,0,0,0
3275,0,0,0,0,0,0,0,0
3276,0,0,0,0,0,0,0,0
3279,0,0,0,0,0,0,0,0
3283,0,0,0,0,0,0,0,0
3284,0,0,0,0,0,0,0,0
3286,0,0,0,0,0,0,0,0
3288,0,0,0,0,0,0,0,0
3289,0,0,0,0,0,0,0,0
3290,0,0,0,0,0,0,0,0
3291,0,0,0,0,0,0,0,0
3292,0,0,0,0,0,0,0,0
3294,0,0,0,0,0,0,0,0
3297,1,1,1,0,0,0,0,0
3300,0,0,1,1,0,0,0,0
3301,0,0,0,0,0,0,0,1
3302,0,0,0,0,1,0,0,0
3305,0,0,0,0,0,0,1,0
3306,0,0,0,0,0,0,0,0
3307,0,0,0,0,0,0,0,0
3308,0,0,0,0,0,0,0,0
3313,0,0,0,0,0,0,0,0
3314,0,0,0,0,0,0,0,0
3315,0,0,0,0,0,0,0,0
3316,0,0,0,0,0,0,0,0
3317,17,25,1123,10,92,9,358,11
3318,0,0,5,5,10,8,0,0
3319,0,0,0,0,0,0,0,0
3320,0,2,6,3,1,1,0,0
3321,0,0,0,0,0,0,0,0
3322,0,0,0,0,0,0,1,0
3323,0,0,0,0,0,0,0,0
3326,0,0,0,0,0,0,0,0
3328,0,0,0,0,0,0,0,0
3334,0,0,2,0,0,0,0,0
3335,0,0,0,0,2,0,0,0
3338,0,0,0,0,0,0,0,0
3339,0,0,0,0,0,0,0,0
3340,0,0,3,1,1,0,0,0
3341,6,12,3,7,2,16,7,23
3342,0,0,0,0,0,0,0,0
3344,0,4,1,0,7,1,0,0
3346,0,0,1,0,0,0,0,0
3349,1,0,0,0,0,0,0,0
3350,0,0,0,0,0,0,1,0
3351,0,0,0,0,0,0,0,0
3353,0,0,0,0,0,0,0,0
3355,0,0,0,0,0,0,0,0
3358,0,0,0,0,1,0,0,0
3363,0,0,0,0,0,0,0,0
3364,0,0,0,0,0,0,0,0
3365,0,0,0,0,0,0,0,0
3366,0,0,1,0,0,0,2,0
3367,0,0,0,0,0,0,0,1
3370,0,0,0,2,1,0,1,0
3371,0,0,0,0,0,0,0,0
3372,0,0,0,0,0,0,0,0
3375,0,0,0,0,0,0,0,0
3379,0,0,0,0,0,0,0,1
3380,2,1,2,1,0,0,0,2
3382,0,0,0,0,1,0,0,0
3383,0,0,0,0,0,0,0,0
3385,0,0,0,0,0,0,0,0
3386,0,0,0,0,0,1,0,0
3387,2,2,2,5,5,5,8,1
3388,0,0,0,0,0,0,0,0
3389,0,0,0,0,0,0,0,0
3392,0,0,0,0,0,0,0,0
3393,0,0,1,1,4,2,1,1
3394,0,0,0,1,0,0,0,0
3395,0,0,0,0,0,0,0,0
3397,0,0,0,0,1,0,2,0
3400,0,0,0,0,0,0,0,0
3401,0,0,0,0,0,0,0,0
3403,0,0,0,0,0,0,0,0
3405,0,0,0,0,0,0,0,0
3406,3,4,4,1,2,6,1,2
3407,0,0,0,0,0,0,0,0
3408,0,0,0,0,0,0,0,0
3409,6,8,2,13,6,6,2,4
3411,0,0,0,0,0,0,0,0
3413,1,1,1,0,0,0,2,0
3415,0,0,0,0,0,0,0,0
3417,1,0,0,1,3,0,1,1
3420,0,0,0,0,0,0,0,0
3421,0,0,2,0,0,0,0,0
3422,0,0,0,0,0,0,0,0
3423,0,0,0,0,0,0,0,0
3425,0,0,0,0,0,0,0,0
3427,0,0,0,0,0,0,0,0
3430,0,0,1,0,0,0,0,0
3431,0,0,0,0,0,0,3,0
3432,0,0,0,0,0,0,0,0
3433,0,0,0,0,0,0,0,0
3434,0,0,0,0,0,0,0,0
3436,0,0,0,0,0,0,0,0
3439,0,0,0,0,0,0,0,0
3441,0,0,0,0,0,0,0,0
3442,0,0,0,0,0,0,0,0
3443,0,0,0,0,0,0,0,0
3445,0,0,0,0,0,0,0,0
3448,0,0,0,0,0,0,0,0
3449,0,0,0,0,0,0,0,0
3451,0,1,0,0,0,2,0,1
3452,0,0,0,0,0,0,0,0
3456,0,0,0,0,0,0,0,0
3458,0,0,0,0,0,0,0,0
3459,0,0,0,0,0,0,0,0
3461,0,0,0,0,0,0,0,0
3466,0,0,0,0,0,0,0,0
3468,0,0,0,0,0,0,0,0
3470,0,0,0,0,0,0,0,0
3471,0,0,0,0,0,0,0,0
3473,0,0,0,0,0,0,0,0
3475,0,0,0,0,0,0,0,0
3478,0,0,0,0,0,0,0,0
3489,0,0,0,0,0,0,0,0
3490,0,0,0,0,0,0,0,1
3491,0,0,0,0,0,0,0,0
3492,0,0,0,0,0,0,0,0
3495,0,0,0,0,0,0,0,0
3497,0,0,0,0,0,0,0,0
3498,0,0,0,0,0,0,0,0
3503,4,0,7,6,0,2,0,0
3505,0,0,0,0,0,0,0,0
3506,1,0,0,2,0,0,0,0
3508,0,1,4,0,1,1,2,0
3509,0,0,0,0,0,1,0,1
3510,0,0,0,0,0,0,0,0
3511,0,0,0,0,0,0,0,0
3512,0,0,0,0,0,0,0,0
3513,0,0,0,0,0,1,0,0
3514,0,0,0,0,0,0,0,0
3516,0,0,0,0,0,0,0,0
3518,0,0,0,0,0,0,0,0
3520,0,0,0,0,0,0,0,0
3521,1,0,2,1,1,1,3,2
3522,2,1,0,2,0,2,0,0
3523,0,0,0,0,0,0,0,0
3524,0,0,0,0,0,0,0,0
3525,0,1,0,0,0,0,0,0
3526,0,0,0,0,0,1,0,0
3527,2,2,0,2,1,0,1,2
3528,0,1,0,0,0,0,0,0
3529,0,0,0,0,0,1,0,0
3530,0,0,0,0,0,0,3,1
3533,1,1,0,0,0,0,0,1
3537,8,2,3,5,3,17,5,5
3539,0,2,0,0,0,2,0,0
3540,0,0,0,0,0,0,1,0
3542,2,15,0,3,0,1,3,16
3543,0,0,0,0,0,0,0,0
3544,0,0,0,0,0,0,0,0
3545,0,0,0,0,0,0,0,0
3546,0,0,0,0,0,0,1,0
3547,120,39,125,106,146,108,147,69
3548,1,2,0,0,7,1,0,3
3550,0,0,0,0,0,0,0,0
3551,0,0,0,0,0,0,0,0
3552,13,18,16,21,8,12,10,5
3553,0,0,0,0,0,0,1,0
3555,0,0,0,0,0,0,0,0
3557,0,0,0,0,0,0,0,0
3558,0,0,0,0,0,0,0,0
3559,0,0,0,0,0,0,0,0
3561,0,0,0,0,0,0,0,0
3562,0,0,0,0,0,0,0,0
3564,0,0,0,0,0,0,0,0
3565,0,0,0,0,0,0,0,2
3566,0,0,0,0,0,0,0,0
3567,0,0,0,0,0,0,0,0
3568,0,0,0,0,0,0,0,0
3574,0,0,0,0,0,0,0,0
3577,0,0,0,0,0,0,0,0
3580,0,0,0,0,0,0,0,0
3584,0,0,0,0,0,0,0,0
3586,0,0,0,0,0,0,0,0
3587,0,0,0,0,0,0,0,0
3592,0,0,0,0,0,0,0,0
3593,1,0,0,0,0,1,3,0
3594,1,0,0,0,1,0,0,0
3595,0,0,0,0,0,0,0,0
3597,0,0,0,0,0,0,0,0
3598,0,0,0,0,0,0,0,0
3599,0,0,1,0,0,0,0,0
3600,5,5,2,1,2,3,7,6
3601,0,0,2,1,0,0,1,0
3602,0,0,0,0,0,1,0,0
3604,0,2,2,3,3,2,0,1
3605,7,13,0,5,6,13,18,12
3606,0,0,0,0,0,0,0,0
3609,0,1,0,0,0,0,0,1
3610,0,0,0,2,2,2,1,0
3611,0,0,0,0,0,0,0,0
3615,0,0,0,0,0,0,0,0
3616,0,0,0,0,0,0,0,0
3618,0,0,0,0,0,0,0,0
3620,0,0,0,0,0,0,0,0
3621,0,0,0,0,0,0,0,0
3622,0,1,0,0,0,0,0,0
3624,0,0,0,0,0,0,0,0
3627,0,0,0,0,0,0,0,0
3628,0,0,0,0,0,0,0,0
3632,0,0,0,0,0,0,0,0
3633,0,0,0,0,0,0,0,0
3636,0,0,0,0,0,0,0,0
3637,0,0,0,0,0,0,0,0
3640,0,0,0,0,0,0,0,0
3642,0,0,0,0,0,0,1,0
3643,0,0,0,0,0,0,0,0
3644,0,0,0,0,0,0,0,0
3646,0,0,0,0,0,0,0,0
3648,0,0,0,0,0,0,0,0
3651,0,0,0,0,0,0,0,0
3656,0,0,3,1,5,7,2,1
3658,0,0,0,0,0,0,0,1
3659,10,5,10,10,16,13,17,4
3663,0,0,0,0,0,0,0,0
3672,0,0,0,0,0,0,0,0
3673,0,0,0,0,0,0,0,0
3674,2,0,0,0,1,0,3,0
3675,0,0,0,0,0,0,0,0
3676,0,0,0,0,0,0,2,0
3677,0,0,0,0,0,0,0,0
3678,0,0,0,0,0,0,0,0
3679,0,0,0,1,0,0,0,0
3680,0,0,7,3,10,6,2,0
3682,0,1,0,0,0,0,0,0
3683,0,0,0,0,0,0,0,0
3684,0,2,1,0,1,0,0,0
3687,1,6,4,12,2,0,2,0
3688,1,0,3,0,1,1,6,2
3689,0,0,0,0,0,0,0,0
3690,56,9,20,149,31,24,24,25
3692,2,1,2,11,20,9,5,1
3694,0,0,0,0,0,0,0,1
3698,0,0,0,2,0,0,0,0
3699,0,0,1,2,0,0,2,2
3701,0,0,2,0,4,1,1,0
3703,0,0,0,0,0,0,0,0
3704,0,0,0,0,0,0,0,0
3710,0,0,0,0,0,0,0,0
3711,0,0,0,1,1,0,0,0
3713,0,0,0,0,0,0,0,0
3714,0,0,0,0,0,0,0,0
3715,1,0,0,0,1,1,2,0
3716,0,3,0,0,2,0,0,0
3720,0,0,1,1,2,1,0,2
3722,0,0,0,0,0,0,0,0
3723,0,0,0,0,0,0,0,0
3724,0,0,0,0,2,0,0,0
3726,0,0,0,0,0,0,0,0
3727,0,0,0,0,0,0,0,0
3728,0,0,0,0,0,0,0,0
3730,0,0,1,1,0,0,0,0
3731,0,0,0,0,0,0,0,0
3732,0,0,0,0,0,0,0,0
3737,0,0,0,0,0,0,0,0
3738,0,0,0,0,0,0,0,0
3741,0,0,0,0,0,0,0,0
3742,0,0,0,0,0,0,0,0
3743,40,8,128,64,75,52,27,71
3748,0,0,0,0,0,0,0,0
3750,0,0,0,0,0,0,0,0
3751,28,15,47,51,56,22,28,15
3757,0,0,0,0,0,0,0,0
3758,0,0,0,0,0,0,0,0
3761,0,0,0,0,0,0,0,0
3769,0,0,0,0,0,0,0,0
3770,0,0,0,0,0,0,0,0
3771,0,0,0,0,0,0,0,0
3772,0,0,0,0,0,0,0,0
3775,0,0,0,0,0,0,0,0
3776,3,8,3,6,1,4,6,3
3777,0,0,0,0,0,0,0,0
3780,0,0,0,0,0,0,0,0
3781,0,0,0,0,0,0,0,0
3783,0,0,0,0,0,0,0,0
3784,0,0,0,0,0,0,0,0
3785,0,0,0,0,0,0,0,0
3786,0,0,0,0,0,0,0,0
3788,1,0,0,0,2,0,0,0
3790,0,0,0,0,0,0,0,0
3792,0,0,0,1,0,0,0,0
3795,0,0,0,0,0,0,0,0
3797,0,0,0,0,0,0,0,0
3799,10,24,1,15,3,3,3,2
3804,0,0,0,0,0,0,0,0
3806,0,0,0,0,0,0,0,0
3810,0,0,0,0,0,0,1,0
3811,1,1,31,13,6,7,13,6
3812,4,1,6,10,4,3,0,1
3814,0,0,0,0,0,0,0,0
3816,0,0,0,0,0,0,0,0
3818,0,0,0,0,0,0,0,0
3820,0,0,0,0,0,0,0,0
3822,0,0,0,0,0,0,0,0
3825,0,0,0,0,0,0,0,0
3826,0,0,0,0,0,0,0,0
3827,1,1,2,3,0,0,1,1
3832,0,1,0,0,0,0,0,0
3833,0,0,0,0,0,0,0,0
3835,0,0,0,0,0,0,0,0
3836,0,0,0,0,0,0,0,0
3838,0,0,0,0,0,0,0,0
3839,0,0,0,0,0,0,0,0
3841,0,0,0,0,0,0,0,0
3842,0,0,0,1,0,0,0,0
3843,0,0,0,0,0,0,0,0
3844,0,0,0,0,0,0,0,0
3846,0,0,0,0,0,0,0,0
3847,3,0,0,1,11,3,16,2
3850,13,2,3,5,18,8,24,13
3853,0,0,0,0,0,0,0,0
3854,0,0,0,0,0,0,0,0
3857,0,0,0,0,0,0,0,0
3859,0,0,0,0,0,0,0,0
3861,0,0,0,0,0,0,0,0
3863,0,0,0,0,0,0,0,0
3864,0,0,0,0,0,0,0,0
3866,0,0,0,0,0,0,0,0
3867,0,0,0,0,0,0,0,0
3868,0,0,0,0,0,0,0,0
3874,0,0,0,0,0,0,0,0
3876,0,1,0,0,0,0,0,0
3880,0,0,0,0,0,0,0,0
3881,0,0,0,0,0,0,0,0
3882,0,0,0,0,0,0,0,0
3883,0,3,1,1,2,1,0,0
3886,0,0,0,0,0,0,0,0
3887,0,2,0,4,0,0,0,1
3888,0,0,0,0,0,0,0,0
3891,0,0,0,0,0,0,0,0
3892,3,0,0,0,0,1,2,4
3894,0,3,2,1,1,2,0,1
3895,3,4,1,11,0,1,1,0
3898,0,0,0,0,0,0,0,0
3899,0,0,0,0,0,0,0,0
3901,1,1,0,0,0,0,0,3
3902,2,0,0,1,1,0,0,0
3903,0,0,0,0,0,0,0,0
3905,0,0,0,0,0,0,0,0
3906,0,0,0,0,0,0,0,0
3907,0,0,0,0,0,0,0,0
3908,0,0,4,2,2,0,1,1
3912,0,0,0,0,0,0,0,0
3913,0,0,0,0,0,0,0,0
3914,0,0,0,0,0,0,0,1
3915,0,0,0,0,0,0,0,0
3916,0,0,0,0,0,0,0,0
3919,0,0,0,0,0,0,0,0
3920,0,0,0,0,0,1,0,3
3921,2,2,1,2,2,1,11,1
3922,1,2,1,1,0,1,0,0
3927,0,0,0,1,2,0,0,1
3929,0,0,0,0,0,0,0,0
3931,0,0,0,0,0,0,0,0
3932,0,0,0,0,0,0,0,0
3935,0,0,0,0,0,0,0,0
3937,70,36,54,60,18,20,47,7
3941,0,0,0,0,1,0,0,0
3942,0,0,0,0,0,0,0,0
3943,0,0,0,0,1,0,0,1
3946,0,0,0,0,1,1,0,1
3949,1,13,14,56,4,11,20,26
3950,0,0,0,0,0,0,0,0
3951,3,0,23,0,19,2,8,0
3955,0,1,1,0,0,0,0,3
3956,0,0,0,0,0,0,0,0
3957,0,0,0,0,0,0,0,0
3959,0,1,2,0,1,0,0,0
3962,0,0,0,0,0,0,0,0
3963,0,0,0,0,0,1,0,0
3964,0,0,0,0,0,0,0,0
3965,0,0,0,0,0,0,0,0
3966,0,0,0,0,0,0,0,0
3967,0,0,0,0,0,0,0,0
3968,0,0,0,0,0,0,1,0
3969,1,0,0,0,0,0,0,1
3970,0,0,0,0,0,0,0,0
3971,2,0,1,1,0,1,4,0
3972,0,0,0,0,0,0,0,0
3976,0,0,0,1,0,0,0,0
3977,0,0,0,0,0,0,0,0
3978,0,0,0,0,0,0,0,0
3979,0,0,0,0,1,0,0,1
3980,0,0,0,0,0,0,0,0
3984,0,0,0,0,0,0,0,0
3985,0,0,0,0,0,0,0,0
3986,0,0,0,0,0,0,0,0
3987,0,0,0,0,0,0,0,0
3991,0,0,0,0,0,0,0,0
3992,0,0,0,0,0,0,0,0
3998,0,0,0,0,0,0,0,0
3999,0,0,0,0,0,0,0,0
4003,0,0,0,0,0,2,0,0
4006,0,0,0,0,0,0,0,0
4009,2,0,0,0,0,0,0,0
4012,1,0,1,0,0,0,0,0
4013,0,0,0,0,0,0,0,0
4015,0,0,0,0,0,0,0,0
4017,0,0,0,0,1,0,0,0
4018,0,0,0,0,0,0,0,0
4021,0,0,0,1,0,0,0,0
4023,0,0,0,0,0,0,0,0
4024,0,0,0,0,0,0,0,0
4027,0,0,0,0,0,0,0,0
4028,0,0,0,0,0,0,0,0
4029,0,0,1,0,0,1,0,0
4034,0,0,0,0,0,0,0,0
4035,0,0,0,0,0,0,0,0
4036,0,0,0,0,0,0,0,0
4038,0,0,0,0,0,0,0,0
4039,0,0,0,1,0,0,0,0
4043,0,0,0,0,0,0,0,0
4045,0,0,0,0,0,0,0,0
4046,0,0,0,0,0,0,0,0
4047,0,0,1,0,0,0,0,0
4048,0,0,0,0,0,0,0,0
4050,3,20,6,42,17,7,5,13
4051,0,0,0,0,0,0,0,0
4052,0,0,0,0,0,0,0,0
4053,0,0,0,0,0,0,0,0
4054,0,0,0,0,0,0,0,0
4055,0,0,0,0,0,0,0,0
4056,0,0,0,0,0,0,0,0
4059,0,0,0,0,0,0,0,0
4060,0,0,1,0,0,0,0,0
4061,0,0,0,0,0,0,0,0
4062,0,0,0,0,0,0,0,0
4065,0,0,0,0,0,0,0,0
4068,0,0,0,0,0,6,0,0
4070,0,0,0,0,0,0,0,0
4071,2,0,0,0,4,0,1,0
4074,0,0,0,0,0,0,0,0
4086,1,2,0,0,1,2,1,0
4088,0,0,0,0,0,0,0,0
4090,0,0,0,0,0,0,0,0
4091,0,0,0,0,0,0,0,0
4093,0,0,0,0,0,0,2,0
4094,0,0,0,0,0,0,0,0
4095,0,0,0,0,0,0,0,0
4096,0,0,0,0,0,0,0,0
4097,0,0,0,0,0,0,0,0
4098,1,0,3,4,0,2,0,0
4099,0,2,0,0,0,0,0,0
4100,0,0,0,0,0,0,0,0
4103,0,0,0,0,0,0,0,0
4104,0,0,1,0,0,0,0,0
4109,0,0,0,0,0,0,0,0
4116,0,0,0,0,0,0,0,0
4118,0,0,0,0,0,0,0,0
4121,0,0,0,0,0,1,0,0
4123,0,0,0,0,0,0,0,0
4125,0,0,0,0,0,0,0,0
4126,0,0,0,0,0,0,2,0
4128,0,0,0,0,0,0,0,0
4129,0,0,0,0,0,0,0,0
4130,0,2,1,0,0,0,0,2
4133,0,0,1,0,0,0,0,0
4136,0,0,0,0,0,0,0,0
4137,0,0,0,1,0,1,0,0
4138,0,0,0,0,0,0,0,0
4139,0,0,1,1,6,2,0,0
4141,0,0,0,0,0,0,0,0
4142,0,0,0,0,0,0,0,0
4146,1,0,0,1,0,0,0,0
4147,1,1,0,0,1,0,1,2
4150,0,0,0,0,0,0,0,0
4151,0,0,0,0,0,0,0,0
4152,10,12,1,20,8,4,2,1
4153,0,1,4,1,0,0,0,0
4154,0,0,0,0,0,0,0,0
4159,0,0,0,0,0,0,0,0
4160,0,0,0,0,0,0,0,0
4161,0,0,0,0,0,0,0,0
4164,0,0,0,0,0,0,0,1
4165,0,0,0,0,0,0,0,0
4166,0,0,0,0,2,1,2,0
4167,0,0,0,0,0,0,0,0
4174,29,16,55,37,63,43,17,9
4175,0,0,0,0,0,0,0,0
4176,2,0,0,0,0,0,0,0
4177,0,0,0,0,1,2,0,0
4180,0,0,0,0,0,0,0,0
4181,4,1,7,9,7,8,2,0
4182,0,0,0,0,0,0,0,0
4183,0,0,0,0,0,0,0,0
4184,3,2,4,7,1,0,4,1
4185,0,0,0,0,0,0,0,0
4189,0,0,0,0,0,0,0,0
4190,0,0,0,0,0,0,0,0
4192,0,0,0,0,0,0,0,0
4193,0,0,0,0,0,0,0,0
4194,0,0,1,0,0,0,1,0
4195,0,0,0,0,0,0,0,0
4197,0,1,0,0,0,0,0,0
4199,0,0,0,0,0,0,0,0
4201,0,0,0,0,0,0,0,0
4204,0,0,0,1,0,0,0,0
4213,12,20,9,19,21,18,18,24
4215,0,0,2,0,1,2,0,0
4216,0,0,0,0,0,0,0,0
4217,0,0,0,0,0,0,0,0
4218,0,0,3,0,1,0,1,0
4219,0,0,0,0,0,0,0,0
4220,7,4,2,6,1,2,8,3
4221,0,0,1,0,0,0,0,0
4222,0,0,0,0,0,0,0,0
4224,0,0,7,0,1,0,0,0
4225,0,0,0,0,0,0,0,0
4226,0,0,0,0,0,0,0,1
4229,0,0,0,0,0,0,0,0
4231,4,0,2,1,3,1,5,0
4232,0,0,0,0,0,0,0,0
4235,3,9,2,5,1,0,0,1
4242,0,0,0,0,0,0,0,0
4243,0,0,0,0,0,0,0,0
4244,0,0,0,0,0,0,0,0
4245,0,0,0,0,0,0,0,0
4246,0,0,0,0,0,0,0,0
4249,4,2,1,16,3,8,3,7
4250,0,0,0,0,0,0,0,0
4251,0,0,0,0,0,0,0,0
4254,1,0,0,0,0,0,0,0
4257,0,0,0,0,0,0,1,0
4258,0,0,0,0,0,0,0,0
4259,0,0,0,0,0,0,2,0
4260,0,0,0,0,0,0,1,0
4261,0,0,0,0,0,0,0,0
4263,0,0,0,0,0,0,0,1
4267,2,0,0,0,0,1,2,2
4268,0,0,0,0,0,0,0,0
4269,0,0,0,0,0,0,0,0
4270,0,0,0,0,0,0,0,0
4271,0,0,0,0,0,0,0,0
4274,0,0,0,0,0,0,0,0
4276,0,0,0,0,0,0,0,0
4278,0,0,0,0,0,0,1,0
4279,57,45,43,109,72,46,49,40
4281,0,0,0,0,0,0,0,0
4286,0,0,0,0,0,0,0,0
4288,0,0,0,0,0,0,0,0
4289,0,0,0,0,0,0,1,0
4291,0,0,0,0,0,0,0,0
4292,0,0,0,0,0,0,0,0
4295,0,0,0,0,0,0,0,0
4296,0,0,0,0,0,0,0,0
4300,0,0,0,0,1,0,0,0
4301,0,1,0,0,0,0,0,0
4302,2,0,0,0,0,0,0,0
4306,0,0,0,0,0,0,0,0
4307,0,0,0,0,0,0,0,0
4308,2,0,0,0,0,0,1,1
4309,1,0,3,0,3,0,3,1
4310,0,0,0,0,0,0,0,0
4312,0,1,2,0,0,0,1,0
4314,1,0,0,0,0,0,0,0
4315,0,0,0,0,0,0,0,0
4316,0,0,0,0,0,0,0,0
4319,0,0,0,0,0,0,0,1
4321,0,0,0,1,0,0,0,0
4327,2,1,5,5,3,4,1,5
4329,0,0,0,1,0,0,0,0
4331,4,17,1,22,4,5,3,13
4332,38,53,36,76,74,61,19,35
4334,0,0,3,0,0,0,0,0
4335,11,11,65,25,58,38,73,34
4336,0,0,3,0,3,2,1,1
4337,0,0,1,0,0,0,0,0
4338,0,0,0,0,0,0,0,0
4340,0,0,0,0,0,0,0,0
4342,0,0,0,0,0,1,0,0
4346,0,0,0,0,0,1,0,0
4347,0,0,0,0,0,0,0,0
4349,0,0,0,0,0,0,0,0
4350,0,0,0,0,0,0,0,0
4351,2,0,0,0,0,0,0,0
4352,1,26,1,45,5,30,5,58
4353,0,0,0,3,6,2,0,3
4354,0,0,0,0,0,0,0,0
4357,0,0,0,0,1,0,0,0
4360,24,37,6,125,21,110,3,80
4361,0,3,2,0,0,1,4,2
4362,0,0,0,0,0,0,0,0
4363,0,0,0,0,0,0,1,0
4365,0,0,0,0,0,0,0,0
4366,0,0,0,0,0,0,0,0
4367,0,0,0,0,0,0,0,0
4370,0,0,0,0,0,0,0,0
4374,1,0,0,0,0,0,0,0
4375,0,0,0,0,0,0,0,0
4376,0,0,0,0,0,0,0,0
4377,0,0,0,0,0,0,0,0
4378,1,0,0,0,0,0,0,2
4379,0,0,0,0,0,0,0,0
4380,0,0,0,0,0,0,0,0
4384,0,0,0,0,0,1,0,0
4389,0,0,0,0,0,0,0,0
4391,0,0,0,0,0,0,0,0
4393,0,0,0,0,0,0,0,0
4400,0,0,0,0,0,0,0,0
4401,0,0,2,2,0,0,1,0
4403,0,0,0,2,2,1,0,0
4405,0,0,4,3,0,0,1,0
4409,2,0,3,3,2,4,0,3
4410,0,0,0,0,0,0,0,0
4419,0,0,1,1,0,0,2,0
4420,0,0,0,0,0,2,0,0
4421,0,7,0,10,0,2,0,4
4426,0,0,27,8,8,4,6,3
4428,1,5,1,1,1,1,1,0
4429,0,0,0,0,0,0,0,0
4432,0,0,0,0,0,0,0,0
4433,0,0,0,0,0,0,0,0
4434,0,0,0,0,0,0,0,0
4437,0,0,0,0,0,0,0,0
4438,0,0,0,1,0,0,0,2
4439,0,0,0,2,0,3,1,2
4440,0,0,0,0,0,0,0,0
4442,0,0,1,0,0,0,0,0
4443,0,1,0,1,0,4,1,1
4444,0,2,0,0,2,1,0,0
4447,0,0,0,0,0,0,0,0
4448,0,0,0,0,0,0,0,0
4452,12,13,2,0,1,1,0,0
4453,8,4,0,0,1,0,0,0
4454,1,1,0,0,1,1,0,0
4457,0,0,0,0,0,0,0,0
4462,0,0,0,0,0,0,0,0
4463,0,0,0,0,0,0,0,0
4464,0,0,0,0,0,0,0,0
4465,1,0,0,0,2,0,0,2
4466,0,0,0,0,0,0,0,0
4467,0,0,0,0,0,0,2,0
4471,0,0,0,0,0,0,0,0
4472,0,0,0,0,0,0,0,0
4473,0,0,0,0,0,0,0,0
4474,0,0,0,0,0,0,0,0
4475,0,0,0,0,0,0,0,0
4481,0,0,0,0,0,0,0,0
4483,0,0,0,0,0,0,0,0
4484,0,1,0,1,0,1,1,0
4485,0,0,1,0,2,0,0,0
4487,6,5,0,1,2,7,0,1
4488,0,0,0,0,0,0,0,0
4489,19,14,86,15,59,19,22,2
4490,0,0,0,1,0,0,0,0
4491,0,0,0,0,0,0,0,0
4494,0,0,0,0,0,0,0,0
4495,0,0,0,0,0,0,0,0
4503,0,0,0,0,0,0,0,0
4504,0,0,0,0,0,0,0,0
4505,0,0,0,0,0,0,0,0
4506,0,0,0,0,0,0,0,0
4508,0,0,0,0,0,0,0,0
4511,0,0,0,0,0,0,0,0
4518,0,0,0,0,0,0,0,0
4519,0,0,0,0,0,0,0,0
4521,0,0,0,0,0,0,0,0
4523,0,0,0,0,0,0,0,0
4525,0,0,0,0,2,1,0,0
4526,0,0,0,0,0,0,0,0
4527,0,0,0,0,0,0,0,0
4528,0,0,0,0,0,0,0,0
4529,0,0,0,0,0,0,0,0
4531,0,0,0,0,0,0,0,0
4533,0,0,5,3,1,0,0,0
4534,0,0,0,0,0,0,0,0
4535,0,0,0,0,0,0,0,0
4536,0,0,0,0,0,0,0,0
4539,3,0,3,1,5,1,6,2
4541,0,0,0,0,0,0,0,0
4542,0,0,0,0,0,0,0,0
4543,0,0,0,0,0,0,0,0
4545,0,0,0,0,0,0,0,0
4547,0,0,0,0,1,0,0,0
4548,0,0,0,0,0,0,0,0
4549,0,0,0,0,0,0,0,0
4550,0,0,0,0,0,0,3,0
4551,0,0,0,0,0,0,0,0
4555,3,0,0,19,2,12,2,8
4558,0,0,0,0,0,0,0,0
4559,0,0,1,0,0,0,0,1
4560,0,0,0,0,0,0,0,0
4561,0,0,0,0,0,0,0,0
4562,0,0,0,0,0,0,0,0
4564,0,0,0,0,0,0,0,0
4565,0,0,0,0,0,0,0,0
4566,0,0,2,2,2,1,1,0
4567,1,0,2,0,0,0,0,0
4570,0,0,0,0,1,0,0,0
4572,0,0,0,0,0,0,0,0
4576,0,0,0,0,0,0,1,0
4577,0,0,0,1,0,0,0,0
4579,2,0,0,1,1,0,2,0
4581,0,0,0,0,0,0,0,0
4583,1,0,0,0,0,0,1,0
4585,1,0,1,0,1,0,0,0
4587,0,0,0,0,0,1,0,0
4589,0,1,0,0,0,0,0,0
4593,0,0,0,0,0,0,0,0
4594,0,0,1,0,1,0,1,0
4595,0,0,0,0,0,0,0,0
4596,0,0,0,0,0,0,0,0
4599,0,0,0,0,0,0,0,1
460,2,1,0,0,0,0,2,0
4601,0,0,6,0,1,0,0,0
4604,0,0,0,0,0,0,0,0
4605,0,0,1,1,0,1,0,1
4606,0,0,0,0,0,0,0,0
4607,0,0,0,0,0,0,0,0
4608,0,0,0,0,0,0,0,0
461,0,0,0,0,0,0,0,0
4611,0,1,0,4,0,0,2,1
4613,0,0,0,2,0,2,0,0
4614,0,0,0,0,0,0,0,0
4615,11,0,1,19,2,1,5,0
4617,0,0,0,0,0,0,0,0
4618,0,1,0,0,0,1,1,0
4619,0,0,0,1,0,1,0,0
4621,0,0,0,0,0,0,0,1
4623,0,0,1,0,1,0,0,0
4627,0,0,0,0,0,0,0,0
4628,0,0,0,0,0,0,0,0
463,0,0,0,0,0,0,0,0
4630,0,0,0,0,0,0,0,0
4632,1,5,3,5,4,4,0,7
4633,0,0,1,2,0,0,0,2
4634,7,2,0,5,1,3,1,0
4639,0,0,0,0,0,0,0,0
464,0,0,0,0,0,0,0,0
4640,0,0,0,0,0,0,0,0
4641,0,0,0,0,0,1,0,0
4642,0,0,0,0,0,0,0,0
4644,0,0,0,0,0,1,0,0
4646,0,0,0,0,0,0,0,0
4647,0,0,0,0,0,0,0,0
4649,0,0,0,0,0,0,0,0
465,1,0,0,0,0,0,0,0
4650,0,0,0,0,0,0,0,0
4651,0,0,0,0,0,0,0,0
4652,0,0,0,0,0,0,1,0
4653,0,0,0,0,0,0,0,0
4654,0,0,0,0,0,0,0,0
4655,0,0,0,0,0,0,0,0
4656,0,0,0,0,0,0,1,4
4657,0,0,3,13,7,6,2,0
4658,2,0,8,20,6,16,7,7
4659,0,0,1,0,2,0,1,0
466,2,0,88,2,21,0,61,5
4662,0,0,0,0,0,0,0,0
4663,0,0,2,0,1,0,1,0
4664,0,0,2,0,0,0,0,1
4665,0,0,0,0,0,0,0,0
4666,0,0,0,0,0,0,0,0
4667,0,0,0,0,0,0,0,0
4668,0,0,0,0,0,0,0,0
4669,0,0,1,1,0,0,0,0
467,0,0,0,0,0,0,1,0
4670,1,0,0,0,0,0,0,0
4673,0,0,0,0,0,0,0,0
4674,1,0,0,0,0,1,1,0
4676,0,0,0,0,0,0,0,0
4678,0,0,0,0,0,0,0,0
4679,0,0,0,0,1,0,0,0
468,22,3,41,4,56,9,30,32
4680,0,0,0,0,0,0,0,0
4681,0,0,0,0,0,0,0,0
4682,0,0,0,0,0,0,0,0
4683,0,0,0,0,0,0,0,0
4684,0,3,0,0,1,0,0,1
4685,0,0,0,0,0,0,0,0
4687,0,0,0,0,0,0,0,0
4688,0,0,0,0,0,0,0,0
4694,0,0,0,0,0,0,0,0
4695,0,0,0,1,0,0,0,0
4696,0,0,0,0,0,0,0,0
4697,0,0,0,0,0,0,0,0
4699,0,0,0,1,0,0,0,0
470,0,6,0,1,0,0,2,0
4700,0,0,0,0,0,0,0,0
4707,0,0,0,0,0,0,0,0
471,1,0,0,1,0,0,1,0
4710,0,0,0,0,0,0,0,0
4711,0,0,21,1,7,0,5,2
4713,2,3,9,1,3,20,9,6
4714,0,0,0,2,0,0,0,2
4715,0,4,0,3,0,0,0,3
4719,0,0,0,0,1,0,0,0
472,0,0,0,0,0,0,0,0
4720,2,2,2,2,2,13,3,0
4721,0,0,0,0,0,0,0,0
4728,0,0,0,0,0,0,0,0
4731,0,0,2,0,1,0,0,0
4734,0,0,0,0,0,0,0,0
4735,0,0,0,0,0,0,0,0
4736,79,7,3353,2264,1497,500,712,200
4739,0,0,0,1,0,0,0,0
4741,0,0,0,0,0,0,0,0
4742,0,0,0,0,0,0,0,0
4744,2,2,1,1,6,4,5,2
4745,51,12,107,38,84,34,147,35
475,0,0,0,0,0,0,0,0
4752,2,0,0,2,0,1,0,0
4754,0,0,0,0,0,0,0,0
4755,0,0,0,0,0,0,0,1
4757,0,2,0,2,0,2,0,1
4758,0,1,0,0,0,0,0,0
4760,0,0,0,0,0,0,0,0
4761,0,0,0,0,0,0,0,0
4762,0,0,0,0,0,0,0,0
4763,0,0,0,0,0,0,0,0
4765,50,84,62,71,84,90,81,83
4766,0,2,0,2,1,0,0,0
4767,14,12,7,7,7,21,23,3
4768,0,0,0,0,0,0,1,0
4769,0,2,0,1,0,0,0,1
4770,2,0,4,0,2,2,2,0
4771,3,2,1,0,1,0,4,0
4772,0,0,0,0,0,0,0,0
4776,1,1,0,0,1,0,0,0
4777,0,1,0,0,0,0,0,0
4778,0,0,0,0,0,1,0,0
4779,1,4,2,1,3,1,4,7
478,0,0,0,0,0,0,0,0
4780,1,0,0,0,0,0,2,0
4783,0,0,0,0,0,0,0,0
4784,18,1,31,13,17,3,28,6
4785,0,0,0,0,0,0,0,0
4787,0,0,0,0,0,0,0,0
4790,2,1,1,1,0,0,1,0
4791,0,0,0,0,1,0,0,0
4792,0,0,0,0,0,0,0,0
4795,1,0,2,0,0,0,0,0
4797,0,0,0,0,0,0,0,0
4798,0,0,0,2,3,0,0,0
4800,0,0,1,0,0,0,0,0
4801,0,0,0,0,0,0,0,0
4803,0,1,0,1,0,0,0,0
4804,2,1,2,5,0,0,1,4
4806,0,0,1,1,0,1,0,1
4807,0,0,0,0,0,0,0,0
4809,0,0,0,1,0,0,3,0
4812,0,0,0,2,0,0,2,0
4813,0,0,1,0,1,0,0,0
4815,0,0,0,0,0,0,0,0
4817,0,0,0,0,0,0,0,0
4818,0,0,0,0,0,0,0,0
4820,0,1,0,0,0,0,0,0
4821,0,0,0,1,0,0,0,0
4825,0,0,0,0,0,0,0,0
4827,0,0,0,0,0,0,0,0
4828,0,0,0,0,0,0,0,0
483,0,0,12,8,0,0,1,1
4830,79,2,204,48,114,17,48,120
4832,0,0,0,0,0,0,0,0
4834,0,0,0,0,0,0,0,0
4837,0,0,0,0,0,0,0,0
4838,1,0,1,0,1,2,0,0
4839,0,0,0,0,1,0,0,0
4841,0,0,0,0,0,0,0,0
4842,0,0,0,0,0,0,0,0
4843,7,2,0,0,1,2,0,0
4846,0,0,0,0,0,0,0,0
4847,0,0,0,0,0,0,0,0
4849,0,0,2,0,1,1,1,2
485,0,0,0,0,0,0,0,0
4851,0,0,0,0,0,0,0,0
4852,0,0,0,0,0,0,0,0
4855,0,0,0,0,0,0,0,0
4856,0,0,0,0,0,0,0,0
4858,0,0,0,0,0,0,0,0
486,0,0,0,0,0,0,0,0
4861,0,0,0,0,0,0,0,0
4862,0,0,0,0,0,1,0,0
4864,0,0,0,0,0,0,0,0
4865,0,0,1,0,0,0,0,0
4866,0,0,0,0,0,0,0,0
4867,0,0,0,0,0,1,0,0
4868,0,0,0,0,0,0,0,0
4869,0,0,0,0,0,0,0,0
4870,0,0,0,0,0,0,0,0
4873,0,0,0,0,0,0,0,0
4878,0,0,0,0,0,0,0,0
4881,0,0,0,0,0,0,0,1
4882,0,0,0,0,0,0,0,0
4884,0,0,0,0,0,0,0,0
4885,0,0,0,0,0,0,0,0
4886,0,0,0,0,0,0,0,0
4890,0,0,0,0,0,0,0,0
4894,0,0,0,0,0,0,0,0
4895,0,0,0,0,0,2,0,0
4896,2,0,58,0,4,0,35,24
490,0,0,0,0,0,0,0,0
4902,0,0,0,1,1,0,0,0
4905,0,0,0,0,0,0,3,1
4906,0,0,0,0,0,0,0,1
491,0,0,0,0,0,0,0,0
493,0,2,0,1,1,0,0,1
496,3,4,0,0,0,0,0,0
500,0,0,0,0,0,0,0,0
501,2,0,0,1,2,1,0,1
502,0,0,0,0,0,0,0,0
5021,0,0,0,0,0,0,0,0
5022,0,0,0,0,0,0,0,0
5023,0,0,0,0,0,0,0,0
5024,0,0,0,0,0,0,0,0
5027,0,0,0,0,0,0,0,0
5028,0,0,0,0,0,0,0,0
5029,0,0,0,0,0,0,0,0
5031,0,0,1,0,0,0,3,0
5035,0,0,4,0,0,0,0,0
5036,0,0,0,0,0,0,0,0
5038,0,0,0,0,0,0,0,0
504,0,0,0,0,0,0,0,0
5042,0,0,0,0,0,0,0,0
5043,0,0,0,0,0,0,0,0
5044,0,0,0,0,0,0,0,0
5045,0,0,0,0,0,0,0,0
5046,0,0,0,1,0,0,0,0
5047,0,0,0,0,0,0,0,0
5048,0,0,0,0,0,0,0,0
5049,0,0,0,0,0,0,0,0
505,0,0,0,0,0,0,0,0
5050,0,0,0,0,0,0,0,0
5052,0,0,0,0,0,0,0,0
5053,0,0,1,8,1,0,0,0
5054,0,0,0,2,1,0,0,0
5055,0,0,0,0,0,0,0,0
5056,0,0,0,0,0,0,0,0
5057,0,0,0,0,0,0,0,0
506,0,0,0,0,0,0,0,0
5062,0,0,1,0,0,0,0,0
5064,0,0,0,0,0,0,0,0
5066,0,0,0,0,0,0,0,0
5067,0,0,0,0,0,0,0,0
5068,0,0,0,0,0,0,0,0
507,0,0,0,0,0,0,0,0
5070,0,0,0,0,0,0,0,0
5072,0,0,0,0,0,0,0,0
5073,0,0,0,0,0,0,0,0
5074,0,0,0,0,0,0,0,0
5075,0,0,0,0,0,0,0,0
5078,0,0,0,0,0,0,0,0
508,0,0,0,0,0,0,0,0
5080,0,0,0,0,0,0,0,0
5081,0,0,0,0,0,0,0,0
5082,0,0,0,0,0,0,0,0
5088,0,0,0,0,0,0,0,0
5089,0,0,0,0,0,0,0,0
509,0,0,0,0,0,0,0,1
5090,0,0,0,0,0,0,0,0
5091,0,0,0,0,0,0,0,0
5092,0,0,0,0,0,0,0,0
5093,0,0,0,0,0,0,0,0
5094,0,0,0,0,0,0,0,0
5095,0,0,0,0,0,0,0,0
5096,0,0,0,0,0,0,0,0
5097,0,0,0,0,0,0,0,0
5098,0,0,0,0,0,0,0,0
5099,0,0,0,0,0,0,0,0
510,0,0,1,0,0,0,1,0
5101,0,0,0,0,0,0,0,0
5103,0,0,0,0,0,0,0,0
5104,0,0,0,0,0,0,0,0
5105,0,0,0,0,0,0,0,0
5106,0,0,0,0,0,0,0,0
5107,0,0,0,0,0,0,0,0
5108,0,0,1,1,0,0,1,1
5109,0,0,0,0,0,0,0,0
511,0,0,0,2,0,0,0,0
5110,0,0,0,0,0,0,0,0
5111,0,0,0,0,0,0,0,0
5112,0,0,0,0,0,0,0,0
5113,0,0,0,0,0,0,0,0
5115,0,0,21,20,24,6,0,0
5116,0,0,0,0,0,0,0,0
5117,0,0,0,0,0,0,0,0
5118,0,0,0,0,0,0,0,0
5119,0,0,0,0,0,0,0,0
5120,0,0,0,0,0,0,0,0
5122,0,1,1,1,0,0,1,0
5123,0,0,0,0,0,0,0,0
5124,0,0,0,0,0,0,0,0
513,0,0,1,0,0,0,2,0
5130,0,0,0,0,0,0,0,0
5131,0,0,0,0,0,0,0,0
5134,0,0,0,1,0,0,0,0
5135,0,0,0,0,0,0,0,0
5137,0,0,0,0,0,0,0,0
5138,0,0,0,0,0,0,0,0
5140,0,0,0,0,0,0,0,0
5142,0,0,0,0,0,0,0,0
5143,0,0,0,0,0,0,0,0
5144,0,0,0,0,0,0,0,0
5145,0,0,0,0,0,0,0,0
5146,0,0,0,0,0,0,0,0
5147,0,0,0,0,0,0,0,0
5148,0,0,0,0,0,0,0,0
5149,0,0,0,0,0,0,0,0
5150,0,0,0,0,0,0,0,0
5151,0,0,0,0,0,0,0,0
5153,0,0,0,0,0,0,0,0
5155,0,0,0,0,0,0,0,0
5156,0,0,0,0,0,0,0,0
5158,0,0,0,0,0,0,0,0
5159,0,0,0,0,0,0,0,0
5160,0,0,0,0,0,0,0,0
5161,0,0,0,0,0,0,0,0
5164,0,0,0,0,0,0,0,0
5165,0,0,0,0,0,0,0,0
5167,0,0,0,0,0,0,0,0
5168,0,0,0,0,0,0,0,0
517,0,0,0,0,0,0,0,0
5170,0,0,0,0,0,0,0,0
5171,0,0,0,0,0,0,0,0
5173,0,0,0,0,1,2,0,0
5174,0,0,0,0,0,0,0,0
5176,0,0,0,0,0,0,0,0
5177,0,0,0,0,0,0,0,0
5179,0,0,0,0,0,0,0,0
5180,0,0,0,0,0,0,0,0
5181,0,0,0,0,0,0,0,0
5183,0,0,0,0,0,0,0,0
5184,0,0,0,0,0,0,0,0
5186,0,0,0,0,0,0,0,0
5188,0,0,0,0,0,0,0,0
5189,0,0,0,0,0,0,0,0
519,0,0,0,0,0,0,0,0
5191,0,0,0,0,0,0,0,0
5192,0,0,0,0,0,0,0,0
5194,0,0,0,0,0,0,0,0
5197,0,0,0,0,0,0,0,0
5198,0,0,0,0,0,0,0,0
5200,0,0,0,5,0,0,0,0
5201,0,0,4,3,2,4,0,0
5202,0,0,0,3,0,1,0,0
5205,0,0,0,0,0,0,0,0
5208,0,0,0,2,0,3,0,0
5209,0,0,0,0,0,0,0,0
521,0,0,0,0,0,0,0,0
5211,0,0,0,0,0,0,1,0
5213,0,0,0,0,0,0,0,0
5214,0,0,0,0,0,0,0,0
5215,0,0,0,0,0,0,0,0
5219,0,0,0,0,0,0,0,0
5220,0,0,0,0,0,0,0,0
5221,0,0,0,0,0,0,0,0
5222,0,0,0,0,0,0,0,0
5223,0,0,0,0,0,0,0,0
5228,0,0,0,0,0,0,0,0
5229,0,0,0,0,0,0,0,0
5230,0,0,0,0,0,0,0,0
5231,0,0,0,0,0,0,0,0
5232,0,0,0,0,0,0,0,0
5233,0,0,0,0,0,0,0,0
5234,0,0,0,0,0,0,0,0
5237,0,0,0,0,0,0,0,0
524,0,0,0,0,0,0,0,0
5240,0,0,0,0,0,0,0,0
5242,0,0,0,0,0,0,0,0
5243,0,0,0,0,0,0,0,0
5244,0,0,0,0,0,0,0,0
5245,0,0,0,0,0,0,0,0
5246,0,0,0,0,0,0,0,0
5247,0,0,0,0,0,0,0,0
5249,0,0,0,0,0,0,0,0
525,0,0,0,0,0,0,0,0
5250,0,0,0,0,0,0,0,0
5251,0,0,0,0,0,0,0,0
5252,0,0,0,0,0,0,0,0
5254,0,0,0,0,0,0,0,0
5256,0,0,0,0,0,0,0,0
5257,0,0,0,0,0,0,0,0
526,0,0,0,0,2,0,0,0
5260,0,0,0,0,0,0,0,0
5262,0,0,0,0,0,0,0,0
5266,0,0,0,0,0,0,0,0
5267,0,0,0,0,0,0,0,0
5268,0,0,0,0,0,0,0,0
5269,0,0,0,0,0,0,0,0
5270,0,0,0,0,0,0,0,0
5271,0,0,0,0,0,0,0,0
5272,0,0,0,0,0,0,0,0
5273,0,0,0,0,0,0,0,0
5274,0,0,0,0,0,0,0,0
5276,0,0,0,0,0,0,0,0
5277,0,0,0,0,0,0,0,0
5279,0,0,0,0,0,0,0,0
528,0,0,0,0,0,0,0,0
5280,0,0,0,0,0,0,0,0
5287,1,0,1,1,4,5,5,1
5288,0,0,0,0,0,0,0,0
5290,0,0,0,1,1,0,0,0
5292,0,0,0,0,0,0,0,0
5294,0,0,0,0,0,1,2,0
5297,0,0,0,0,0,0,0,0
5298,0,0,0,0,0,0,0,0
530,4,2,1,4,1,0,0,0
5302,37,10,287,76,82,38,106,50
5304,0,0,0,0,0,1,0,0
5305,0,0,0,0,0,0,0,0
5306,0,0,0,0,0,0,0,0
5316,0,0,0,0,0,0,0,0
5318,0,0,0,0,0,0,0,0
5320,0,0,0,0,0,0,0,0
5327,0,0,0,0,0,0,1,0
5329,0,0,0,0,0,0,0,0
5330,0,0,0,0,0,0,0,0
5331,0,0,1,1,0,0,0,0
5332,0,0,0,0,0,0,0,0
5334,0,0,0,0,0,0,0,0
5335,0,0,0,0,0,0,0,0
5337,0,0,0,0,0,0,0,0
5339,0,0,0,0,0,0,0,0
534,0,0,0,0,0,0,0,0
5340,0,0,0,0,0,0,0,0
5343,0,0,0,0,0,0,0,0
5344,0,0,0,0,0,0,0,0
5345,2,2,3,0,4,6,3,2
5346,0,0,0,1,0,0,0,0
5348,0,0,0,0,0,0,0,0
535,0,0,0,0,0,0,0,0
5350,0,0,0,0,0,0,0,0
5352,0,0,0,0,0,0,0,0
5353,0,0,0,0,0,0,0,0
5356,1,0,2,1,0,1,0,0
5357,0,0,0,0,0,0,0,0
5358,0,0,0,0,0,0,0,0
5359,0,0,0,0,0,0,0,0
536,0,3,0,13,0,4,0,2
5360,0,0,0,0,0,0,0,0
5361,29,54,18,63,63,59,49,88
5363,2,3,0,2,0,3,0,2
5367,0,0,0,0,0,0,0,0
5371,0,0,0,0,0,0,0,0
5380,0,0,0,0,0,0,0,0
5383,0,0,0,0,0,0,0,0
5387,1,6,1,0,0,0,0,3
5388,0,0,0,0,0,0,0,0
5397,0,0,0,0,0,0,0,0
540,0,0,0,0,0,0,0,0
5404,0,0,0,0,0,0,0,0
5407,0,0,0,0,0,0,0,0
5409,0,0,0,0,0,0,0,0
5410,1,8,1,6,9,7,7,13
5415,0,0,0,0,0,0,0,0
542,0,0,0,0,0,0,0,0
5421,0,0,0,0,0,0,0,0
5422,0,0,0,0,0,0,0,0
5423,0,0,0,0,0,0,0,0
5424,0,0,0,0,0,0,0,0
5426,0,0,0,0,0,0,0,0
5427,0,0,0,0,0,0,0,0
5428,1,0,0,0,0,0,0,0
5429,0,14,2,8,4,7,0,2
543,0,0,0,0,0,0,0,0
5430,0,0,0,0,0,0,0,0
5437,1,0,0,2,0,2,0,1
5438,0,0,0,0,0,0,0,0
5439,0,0,0,0,0,0,0,0
544,0,0,1,2,4,0,0,0
5440,22,44,0,14,15,19,45,70
5442,0,0,0,0,0,0,0,0
5445,0,0,0,1,0,0,0,0
5446,0,0,0,0,0,0,0,0
5447,0,0,0,0,1,0,0,0
5448,0,0,0,0,0,0,0,0
5449,0,0,0,0,0,0,0,0
5450,0,0,0,0,0,0,0,1
5459,0,0,0,0,0,0,0,0
546,0,0,0,1,0,0,1,0
5463,3,13,0,12,6,14,2,14
5464,0,0,0,0,0,0,0,0
5465,0,0,0,0,1,1,0,0
5466,1,0,0,0,3,0,0,0
5469,1,2,3,5,3,3,3,5
547,0,0,0,0,0,0,0,0
5472,0,0,0,0,0,0,0,0
5473,0,0,0,0,0,0,0,0
5474,0,0,0,0,0,0,0,0
5476,0,0,0,0,0,0,0,0
5477,0,0,0,0,0,0,0,0
5479,0,1,0,0,0,1,3,0
5480,0,1,1,7,6,1,0,1
5481,0,0,0,0,0,0,0,0
5484,0,0,0,0,0,0,0,0
5488,0,0,0,0,0,0,0,0
5489,0,0,0,0,0,0,0,0
549,2,0,1,1,2,5,0,0
5493,0,0,0,0,0,0,0,0
5494,0,0,0,0,0,0,0,0
5498,0,0,0,0,0,0,0,0
5499,0,0,0,0,0,0,0,0
550,0,1,2,1,0,0,6,0
5506,0,0,0,0,0,0,0,0
5508,0,1,0,0,0,0,0,2
5509,0,0,0,0,0,0,0,0
5510,0,0,0,0,0,0,0,0
5511,0,0,0,0,0,0,0,0
5516,0,0,0,0,0,0,0,0
5518,0,0,0,0,0,0,0,0
552,5,3,4,11,10,16,0,4
5520,0,0,0,0,0,0,0,0
5523,0,0,0,0,0,0,0,0
5524,0,0,0,0,0,0,0,0
5525,0,0,0,0,0,0,0,0
5531,0,0,0,0,0,0,0,0
5535,0,0,0,0,0,0,0,0
5537,0,0,0,0,0,0,0,0
5539,0,0,0,0,0,0,0,0
5540,0,0,0,0,0,0,0,0
5542,0,0,0,0,0,0,0,0
5546,0,0,0,0,0,0,0,0
5549,0,0,0,0,1,0,0,0
555,0,0,0,0,0,0,0,0
5550,0,0,0,0,0,2,0,0
5553,0,0,0,0,0,0,0,0
5558,0,0,0,0,0,0,0,0
5560,0,0,1,0,0,1,0,0
5562,0,0,0,0,0,0,0,0
5563,0,0,0,0,0,0,0,0
5565,0,0,0,0,0,0,0,0
5568,0,0,0,0,0,0,0,0
557,1,3,1,3,3,2,0,1
5570,0,0,0,0,0,0,0,0
5571,0,0,0,0,0,0,0,0
5572,0,0,0,0,0,0,0,0
5573,0,0,0,0,0,0,0,0
5574,0,0,0,0,0,0,0,0
5575,0,0,0,0,0,0,0,0
5579,1,0,1,2,3,1,0,0
558,119,68,1,0,207,112,270,68
5580,0,0,1,0,0,0,0,0
5582,0,0,0,0,0,0,0,0
5583,0,0,0,0,1,0,2,0
5584,0,0,0,0,0,0,0,0
5585,0,0,0,0,0,0,0,0
5587,0,0,0,0,0,0,0,0
5588,0,0,0,0,0,0,0,0
559,5,4,0,13,5,12,4,9
5590,0,0,0,0,0,0,0,0
5591,0,0,0,2,0,1,0,1
5593,0,0,0,0,0,0,0,0
5594,0,0,0,0,0,0,0,0
5597,0,0,0,0,0,0,0,0
5599,1,0,0,0,0,0,0,0
560,0,0,1,0,3,2,8,0
5600,0,0,0,0,0,0,0,0
5603,0,0,1,0,1,0,0,0
5605,0,0,0,0,0,0,0,0
5606,0,0,0,0,0,0,0,0
5610,0,0,0,0,0,0,0,0
5611,0,0,0,0,0,0,0,0
5614,0,0,0,0,0,0,0,0
5616,0,0,0,0,0,0,0,0
5618,1,0,2,0,3,3,0,0
562,1,0,0,0,0,0,1,0
5620,0,0,0,0,1,0,0,0
5624,0,0,0,0,0,0,0,0
5626,0,0,0,0,0,0,0,0
5628,0,0,0,0,0,0,0,0
5632,0,0,0,0,0,0,0,0
5633,0,0,0,0,0,0,0,0
5634,0,0,0,0,0,0,0,0
5636,1,0,0,2,4,0,0,0
5637,0,0,0,0,0,0,0,0
5639,5,0,2,3,1,0,0,0
5641,0,0,0,0,0,0,0,0
5642,0,1,0,0,0,0,0,0
5643,0,0,0,0,0,0,0,0
5644,0,0,1,1,0,0,0,0
5645,0,0,2,0,0,0,0,0
5646,0,0,0,0,0,0,0,0
565,5,5,14,19,5,4,9,5
5651,0,0,0,0,0,0,0,1
5652,0,0,0,0,0,0,1,0
5654,0,0,0,2,0,0,0,0
5656,0,0,0,0,0,0,0,0
5657,0,0,0,0,0,0,0,0
5658,0,0,0,0,0,0,0,0
5659,0,0,0,0,0,0,0,0
566,0,0,0,2,1,0,1,0
5660,0,0,0,0,0,0,0,0
5663,0,0,0,0,0,0,0,0
5664,0,0,0,0,0,0,0,0
5665,0,0,0,0,0,0,0,0
5667,0,0,0,0,0,0,0,0
5668,1,0,0,0,0,0,0,0
5669,0,0,0,0,0,0,0,0
567,0,0,0,0,0,0,0,0
5671,0,2,1,1,0,2,0,0
5672,0,0,0,0,0,0,1,0
5675,2,0,1,0,0,0,0,0
5676,0,0,0,0,0,0,0,0
5678,0,0,0,1,0,0,0,0
568,0,0,0,2,0,0,0,0
5680,0,0,0,0,0,0,0,0
5682,0,0,0,0,0,0,0,0
5686,0,0,0,0,0,0,0,0
5688,0,0,0,0,0,0,0,0
569,0,0,4,7,1,1,1,0
5690,0,0,0,0,0,0,0,0
5691,0,0,0,0,0,0,0,1
5696,0,0,0,0,0,0,0,0
5699,0,0,0,0,0,0,0,0
570,20,25,27,47,46,35,31,34
5703,0,0,0,0,0,0,0,0
5705,1,0,0,0,0,0,0,0
5709,0,0,0,0,0,0,0,0
5711,0,0,0,0,0,0,0,0
5713,0,0,0,0,0,0,0,0
5717,0,0,0,0,0,0,0,0
5718,0,0,0,0,0,0,0,0
572,2,0,0,0,1,0,1,1
5723,0,0,0,0,0,0,0,0
5727,0,0,0,0,0,0,0,0
5728,0,0,0,0,0,0,0,0
5729,0,0,0,0,0,0,0,0
5730,0,0,0,0,0,0,0,0
5732,0,0,1,0,0,0,0,0
5735,0,0,0,0,0,0,0,0
5736,0,0,0,0,0,0,0,0
5738,0,0,0,0,0,0,0,0
574,0,0,0,2,0,0,1,2
5740,0,0,0,0,0,0,0,0
5743,0,0,0,0,0,0,0,0
5747,0,0,0,2,0,0,0,0
5754,0,0,0,0,0,0,0,0
5755,0,0,5,2,0,0,0,0
5759,0,0,0,0,0,0,0,0
576,0,0,0,0,0,0,0,0
5761,0,0,0,0,0,0,0,0
5763,0,0,0,0,0,0,0,0
5766,0,0,0,0,0,0,0,0
5768,0,0,0,0,0,0,0,0
5771,0,0,0,0,0,0,0,0
580,0,0,0,0,0,0,0,0
5803,0,0,0,0,0,0,0,0
5804,0,0,0,0,0,0,0,0
5807,0,0,0,0,0,0,1,0
5808,0,0,0,0,0,0,0,0
5811,0,1,5,5,0,1,0,0
5812,0,0,0,0,2,0,0,0
5814,0,2,2,0,1,0,0,0
5815,0,1,0,1,2,4,3,0
5816,0,1,0,0,0,2,0,0
5818,0,0,0,0,0,0,0,3
582,0,0,0,1,0,0,0,0
5829,0,0,0,0,0,0,0,0
583,0,0,0,0,0,0,0,0
5830,0,0,0,0,0,0,0,1
5833,0,0,0,0,0,0,1,0
5835,0,0,0,0,0,0,0,0
5836,0,0,0,0,0,0,0,0
5837,0,0,0,0,0,0,0,0
5838,1,0,0,0,0,0,0,0
5839,0,0,0,0,0,0,0,0
584,0,0,0,0,0,0,1,0
5840,0,1,0,0,2,0,0,0
5841,0,0,0,0,0,0,0,0
5842,0,0,0,0,0,0,0,0
5843,21,29,2,24,10,24,30,13
5846,0,0,0,0,0,0,0,0
5847,0,0,0,0,0,0,0,0
5848,0,0,0,0,0,0,0,0
585,0,0,0,0,0,0,0,0
5850,0,0,1,0,0,0,0,1
5852,0,0,0,0,0,0,2,0
5855,0,0,0,0,0,0,1,0
5856,0,0,0,0,0,0,0,0
5858,0,0,0,0,0,0,0,0
586,0,0,0,0,0,0,0,0
5860,2,2,1,3,3,1,12,4
5861,0,0,0,0,0,0,1,0
5862,0,0,0,0,0,1,0,0
5863,0,0,0,0,0,0,1,0
5867,0,0,0,0,0,0,0,0
587,2,0,0,0,0,0,0,0
5870,0,0,0,0,0,0,0,0
5871,0,0,0,0,0,0,0,0
5872,0,0,0,0,0,0,0,0
5874,0,0,0,0,0,0,0,0
5875,0,0,0,0,0,0,0,1
5876,0,0,0,0,0,0,0,0
5878,0,0,0,0,0,0,0,0
588,0,0,0,0,0,0,0,0
5881,0,0,0,0,0,0,0,0
5882,4,0,21,8,30,8,13,2
5883,0,0,0,0,0,0,0,0
5884,0,2,0,0,0,0,0,0
5889,0,0,0,0,0,0,0,0
589,0,0,0,0,0,0,0,0
5890,0,0,0,0,0,0,0,0
5891,0,0,0,0,1,0,0,0
5892,0,2,0,0,0,0,0,0
5893,0,0,0,0,0,0,0,0
5894,0,0,0,0,1,0,1,0
5895,0,0,1,0,0,0,0,0
5896,0,0,0,1,0,0,0,0
5897,0,0,0,0,0,0,0,0
5898,0,0,0,0,0,0,0,0
5901,0,0,0,0,0,0,0,0
5903,0,0,0,0,0,0,0,0
5904,0,0,0,0,0,0,0,0
5906,0,0,0,0,0,0,0,0
5907,0,0,0,2,0,0,0,0
5909,0,0,1,0,0,0,0,0
591,0,0,1,0,0,0,2,0
5913,0,0,0,0,0,0,0,0
5917,1,0,38,19,15,4,26,2
5918,4,2,0,2,1,1,3,2
5919,0,0,1,1,0,0,0,0
592,0,0,0,0,0,0,0,0
5921,0,0,0,0,0,0,0,0
5922,0,0,0,0,0,0,0,0
5924,0,0,0,0,0,0,0,0
5925,0,0,0,0,0,0,0,0
5929,0,0,0,0,1,0,0,0
593,0,0,0,0,0,0,0,0
5931,0,2,1,1,0,4,1,1
5934,1,0,0,1,1,0,0,0
5937,0,0,0,0,0,0,1,0
5938,0,0,0,0,0,0,0,0
5939,0,0,0,1,0,0,0,0
594,0,0,0,0,0,0,0,0
5940,0,1,3,0,3,0,0,0
5943,0,0,0,0,0,0,0,0
5944,0,0,0,1,0,0,0,0
5945,0,0,0,0,0,0,0,0
5946,0,0,0,0,0,0,0,0
5947,0,0,0,0,0,0,0,0
5951,0,0,0,0,0,0,0,0
5952,7,2,2,6,2,3,5,0
5953,0,0,0,0,0,0,0,0
5954,0,0,0,0,0,0,0,0
5955,0,0,0,0,0,0,0,0
5959,1,0,0,0,0,0,0,0
596,0,0,0,0,0,0,0,0
5961,0,2,0,5,2,0,1,0
5965,0,0,0,0,0,0,0,0
5966,0,0,0,0,0,0,0,0
597,0,0,0,0,0,0,0,0
5970,0,0,0,0,0,0,0,0
5972,0,0,0,0,0,0,0,1
5973,0,0,0,0,0,0,0,0
5975,0,0,0,0,0,0,0,0
5977,0,0,0,0,0,0,0,0
5978,0,0,0,0,0,0,1,0
5980,0,0,3,0,1,0,0,0
5981,2,0,0,0,0,0,0,0
5983,0,0,0,0,0,0,2,0
5985,0,0,0,0,0,0,0,0
5986,0,0,0,0,0,0,0,0
5987,0,0,0,0,0,0,0,0
5988,0,0,0,0,0,0,0,0
5991,0,0,0,0,0,0,0,0
5992,0,0,0,0,0,0,0,0
5993,0,0,0,0,0,0,0,0
5994,0,0,0,0,0,0,0,0
5996,0,0,0,0,0,0,0,0
5997,0,0,0,0,0,0,0,0
5998,0,0,0,0,0,0,0,0
5999,0,0,0,0,0,0,0,0
600,0,0,1,0,0,0,0,0
6005,0,0,0,0,0,0,0,0
6007,0,3,1,7,1,1,3,11
6009,0,0,0,0,0,0,0,0
6011,0,0,0,0,0,0,0,0
6013,0,0,0,0,0,0,0,0
6015,0,0,0,0,0,0,0,0
6016,0,0,0,0,0,0,1,0
6022,3,2,0,0,1,0,0,0
6024,0,0,0,0,0,0,0,0
6025,0,0,0,0,0,0,0,0
6026,0,0,0,0,0,0,0,0
6028,0,0,0,1,0,0,0,0
6029,0,0,0,0,0,0,0,0
6032,0,0,0,4,1,0,0,1
6033,0,0,0,0,0,0,0,0
6034,0,0,0,0,0,0,0,0
6035,0,0,0,0,0,0,0,0
6036,0,0,0,0,0,0,0,0
6056,0,0,0,0,0,0,1,0
606,2,0,1,0,2,0,0,0
6061,3,0,0,2,0,0,0,0
6062,0,1,0,2,1,0,0,0
6067,0,0,0,0,0,0,0,0
6068,12,1,5,11,25,13,18,19
607,3,4,0,6,5,3,0,2
6072,2,4,1,2,4,8,4,0
6073,0,1,0,0,0,0,0,0
6074,0,0,0,0,0,0,0,0
6075,1,2,0,0,0,0,1,0
6076,0,0,0,0,0,0,0,0
6078,0,0,0,0,0,0,0,0
6080,0,1,1,0,1,0,0,3
6081,0,0,0,0,0,0,0,0
6083,1,0,1,0,2,1,3,0
6084,0,0,1,0,1,0,0,0
6085,0,0,0,0,0,2,0,0
6086,0,1,0,0,0,0,0,0
6087,0,0,0,0,0,0,0,0
6088,0,0,0,0,0,0,0,0
6091,0,0,0,7,3,0,0,0
6092,0,0,0,0,0,0,0,0
6094,1,7,3,5,2,2,2,4
6095,36,32,67,41,35,89,96,54
6097,0,0,0,0,0,0,0,0
6098,0,0,0,0,0,0,0,0
6099,0,0,0,0,0,0,0,0
6104,0,0,0,0,0,0,0,0
6106,0,0,0,0,0,0,0,0
6107,0,0,0,0,0,0,0,0
6108,0,0,0,0,0,0,0,0
6109,0,0,0,0,0,0,0,0
611,0,3,1,0,0,2,5,2
6114,0,0,4,4,0,0,0,0
6115,0,0,0,0,0,0,0,0
6116,1,0,0,0,0,0,0,0
6118,0,0,0,0,0,0,0,0
6119,7,7,4,19,4,10,2,5
6120,0,0,0,0,0,0,0,0
6122,0,0,1,0,0,0,0,0
6123,2,3,7,6,7,10,10,1
6124,0,0,0,0,0,0,0,0
6125,0,0,0,0,0,0,1,0
6126,2,1,6,12,6,1,5,2
6127,0,0,0,0,0,0,0,0
6128,0,0,0,0,0,0,0,0
6129,0,0,0,0,0,0,0,0
6132,0,0,2,0,0,0,0,0
6135,0,0,0,0,0,0,0,0
6136,0,0,0,0,0,0,0,0
6139,0,0,0,0,0,0,0,0
6143,0,0,0,0,0,0,2,0
6144,0,0,0,0,0,0,0,0
6145,0,0,0,0,0,0,0,0
6146,0,0,0,0,0,0,0,0
6148,0,0,0,0,0,0,0,0
6152,0,0,0,0,1,0,0,0
6155,0,0,0,0,0,0,0,0
6157,0,0,0,0,0,0,0,0
6164,0,0,0,1,0,0,0,0
6165,0,5,0,7,0,0,1,4
6166,0,0,0,0,0,0,0,0
6169,0,0,0,0,0,1,0,0
6171,0,2,4,0,4,1,9,6
6174,0,0,0,0,0,0,0,0
6176,0,0,0,0,0,0,0,0
6177,0,0,0,0,0,1,0,0
6180,0,0,0,0,0,0,0,0
6181,0,0,0,0,0,0,2,0
6183,0,0,0,0,0,0,0,0
6184,0,1,0,1,0,1,2,0
6185,0,0,0,0,0,0,0,0
6187,0,1,3,1,0,0,0,0
6188,0,0,0,0,0,0,0,0
6189,0,0,0,0,0,0,0,0
6191,0,0,0,0,0,0,0,0
6192,0,0,0,1,0,0,1,0
6193,0,0,0,0,0,0,0,0
6195,0,0,0,0,0,0,0,1
6196,0,0,2,3,2,0,1,0
6199,0,0,1,1,1,0,0,0
6202,0,0,0,0,0,0,0,0
6203,0,0,0,0,0,0,0,0
6205,0,0,0,0,0,0,0,0
6206,0,0,0,0,0,0,0,0
6207,0,0,0,0,0,0,0,0
6208,0,0,0,0,0,0,0,0
6209,0,0,0,0,0,0,0,0
6211,0,0,0,0,0,0,0,0
6212,0,0,0,1,0,0,0,0
6214,0,0,0,0,0,0,1,0
6215,0,0,1,4,1,1,1,0
6217,15,12,0,0,5,1,2,0
6218,0,0,0,1,1,1,0,1
6219,0,0,0,0,0,0,0,0
6223,0,1,0,0,1,0,0,0
6224,1,0,0,3,2,0,3,0
6225,0,0,0,0,0,0,0,0
6226,0,0,1,3,0,0,0,1
6228,0,0,0,0,0,0,0,0
6229,2,0,0,2,2,0,0,1
6230,0,0,0,0,0,0,0,0
6231,0,0,0,0,0,0,0,0
6234,0,0,0,0,0,0,0,0
6238,0,0,0,0,0,0,0,0
6239,0,0,0,0,0,0,0,0
624,8,7,3,12,11,25,6,39
6244,0,0,2,0,1,1,0,0
6245,0,1,0,0,0,0,0,0
6248,1,0,0,0,1,0,0,0
6249,0,0,0,0,0,0,0,0
6251,0,0,0,0,0,0,0,0
6253,1,0,5,0,1,0,5,0
6254,0,0,0,0,0,0,0,0
6255,6,2,11,3,2,3,3,0
6259,0,0,0,0,0,0,0,0
626,1,0,2,4,1,5,1,1
6261,0,0,0,0,0,0,0,0
6262,2,2,0,4,7,9,1,6
6265,0,0,0,0,0,0,0,0
6268,0,0,0,0,0,0,0,0
627,0,1,0,0,0,2,0,3
6272,0,0,1,1,0,0,0,0
6275,0,0,0,0,0,0,0,0
6277,11,2,26,21,23,12,24,20
6279,0,0,0,0,0,0,0,0
6281,1,0,0,0,0,0,0,0
6283,1,2,0,0,7,0,0,0
6285,0,0,0,0,0,1,0,1
629,0,0,0,0,0,0,0,0
631,0,0,0,0,0,0,0,0
634,0,0,0,0,0,0,0,0
637,0,0,0,0,0,0,0,0
639,0,0,0,0,0,0,0,0
642,0,0,0,0,0,0,0,0
643,0,0,0,0,0,0,0,0
645,0,0,0,0,0,0,0,0
646,2,0,3,1,0,0,0,0
653,0,0,0,0,0,0,0,0
654,0,0,0,0,0,0,0,0
655,0,0,0,0,0,0,0,1
657,0,0,0,0,0,0,0,0
658,0,0,0,0,0,0,0,0
660,0,0,0,0,0,0,0,0
662,0,0,0,0,0,0,0,0
667,0,0,0,0,0,0,0,0
668,0,0,0,0,0,0,0,0
669,0,0,0,0,0,0,0,0
673,0,0,0,0,0,0,0,0
674,0,0,0,0,0,0,0,0
676,0,0,0,0,0,0,0,0
679,0,0,1,0,0,0,0,0
686,0,0,0,0,0,0,0,0
690,0,0,0,0,0,0,0,0
691,0,0,0,1,0,0,0,0
693,0,0,0,0,0,0,0,0
695,0,0,0,0,0,0,0,0
697,0,0,0,0,0,0,0,0
698,0,0,0,0,0,0,0,0
699,0,0,0,0,0,0,0,0
700,0,1,0,0,0,0,0,0
701,0,0,0,0,0,0,0,0
702,0,0,0,0,0,0,0,0
704,0,0,0,0,0,0,0,0
705,0,0,0,0,0,0,0,0
707,0,0,0,0,0,0,0,0
708,0,0,0,0,0,0,0,0
710,0,0,0,0,0,0,0,0
711,0,0,0,0,0,0,1,0
713,0,0,1,0,0,0,0,0
714,0,0,0,0,0,0,0,0
715,0,0,0,0,0,0,0,0
717,0,0,0,0,0,0,0,0
720,0,0,0,0,0,0,0,0
721,0,0,0,0,0,0,0,0
722,0,0,0,0,0,0,0,0
723,0,0,0,0,0,0,0,0
724,0,0,0,0,0,0,1,1
726,1,0,0,0,0,0,0,0
727,0,0,0,0,0,0,0,0
728,0,0,1,0,0,0,1,0
732,0,0,0,0,0,0,0,0
734,0,0,0,0,0,0,0,0
735,0,0,0,0,0,0,0,0
736,0,0,0,0,0,0,0,0
737,0,0,0,0,0,0,0,0
740,0,0,0,0,0,0,0,0
744,0,2,0,0,1,0,0,0
745,0,0,0,0,0,0,0,0
747,0,0,5,1,2,1,9,4
748,0,0,0,0,0,0,0,0
749,0,0,0,0,0,0,0,0
750,0,0,0,0,0,0,0,0
753,0,0,0,0,0,0,0,0
755,0,0,0,0,0,0,0,0
759,0,0,0,0,0,0,0,0
763,0,0,0,0,0,0,0,0
765,0,0,0,0,0,0,0,0
766,0,0,0,0,0,0,0,0
767,0,0,0,0,0,0,0,0
768,0,0,0,0,0,0,0,0
769,0,0,0,1,0,0,0,0
770,0,0,0,0,0,0,0,0
772,0,0,0,0,0,0,0,0
774,0,0,0,0,0,0,0,0
775,0,0,0,0,0,0,0,0
776,0,0,0,1,0,0,0,0
777,0,0,0,1,0,0,0,0
778,0,0,0,0,0,0,0,0
780,0,0,0,0,0,0,0,0
781,0,0,0,0,0,0,0,0
782,0,0,0,0,0,0,0,0
786,2,0,2,2,5,0,1,0
787,1,0,3,2,1,2,3,0
788,0,0,0,0,3,0,0,0
789,0,0,0,0,0,0,0,0
790,0,0,0,0,0,1,0,0
791,0,0,0,0,0,0,0,0
792,0,0,0,0,0,0,0,0
794,0,0,0,0,0,0,0,0
795,0,0,0,0,0,0,0,0
796,0,0,0,0,0,0,0,0
797,0,0,0,0,0,0,0,0
800,0,0,0,0,0,0,0,0
801,0,0,0,1,2,0,0,0
803,0,0,0,0,0,1,0,0
805,0,0,0,0,0,0,0,0
806,0,0,0,0,0,0,0,0
812,0,0,0,0,0,0,0,0
813,2,0,0,0,3,1,9,3
814,12,1,43,17,36,13,36,14
817,0,0,1,0,1,1,0,0
824,0,0,0,0,0,0,0,0
826,0,0,0,0,0,0,0,0
827,0,0,0,1,0,0,0,0
829,0,0,0,0,0,0,0,0
830,0,0,0,0,0,3,0,0
831,0,0,0,0,0,0,0,0
833,0,0,0,0,0,0,0,0
836,0,0,0,0,0,0,0,0
838,41,23,25,25,6,18,34,24
843,0,0,0,2,0,0,0,0
844,0,1,0,0,0,0,2,0
845,0,0,0,0,0,0,0,0
846,0,0,0,0,0,0,0,0
848,0,0,0,0,0,0,0,0
849,0,0,0,0,0,0,0,0
850,0,0,0,0,0,0,0,0
851,0,0,0,0,0,0,0,0
852,0,2,1,0,0,0,0,0
856,0,0,0,0,0,0,0,0
857,2,5,4,2,7,4,2,4
858,0,0,0,0,0,0,0,0
859,0,0,0,0,0,0,0,0
860,0,0,0,0,0,0,0,0
862,0,0,0,0,0,0,0,0
863,1,0,0,0,0,0,0,0
864,0,0,0,0,0,1,0,0
865,0,0,0,0,0,0,0,0
867,0,0,0,0,0,0,0,0
868,0,0,0,0,0,0,0,0
869,4,2,1,4,5,1,1,4
871,0,0,0,0,0,0,0,0
872,0,0,0,0,0,0,0,0
874,0,0,1,0,0,0,0,0
875,0,0,0,0,0,0,0,0
876,0,0,0,4,0,4,0,4
877,0,0,0,0,0,0,0,0
879,0,1,0,1,1,0,0,0
882,12,16,11,3,22,10,4,3
884,0,0,0,0,0,0,0,0
886,0,0,0,0,1,0,0,0
889,0,0,0,0,1,0,0,0
890,0,0,0,0,0,0,0,0
894,0,0,0,0,0,0,0,0
897,0,0,0,0,0,0,0,0
901,0,0,0,0,0,0,1,0
902,0,0,0,0,0,0,0,0
906,3,0,0,5,0,2,2,0
909,29,12,65,29,42,29,74,16
911,1,5,1,0,1,0,0,0
912,0,1,14,8,3,2,7,0
914,0,0,0,0,0,0,0,0
915,0,1,0,0,0,0,0,0
916,0,0,0,0,0,0,0,0
917,0,0,0,0,0,0,0,0
918,0,0,0,0,0,0,0,0
920,0,0,0,0,0,0,0,0
921,1,0,1,1,1,0,2,1
923,0,0,0,0,0,0,0,0
925,0,3,0,1,0,1,1,3
926,0,0,0,0,0,0,0,0
927,1,0,0,0,0,0,0,1
928,0,0,0,0,0,1,0,0
930,1,1,2,3,2,0,3,2
934,0,0,0,0,0,0,1,0
935,0,0,0,0,0,0,0,0
936,2,2,3,0,1,2,0,2
937,1,0,8,0,0,0,2,5
938,0,0,3,1,0,0,1,3
939,0,0,0,0,1,0,0,0
940,0,0,0,0,0,0,0,0
941,0,0,0,0,0,0,0,0
942,14,0,103,12,27,14,74,18
943,0,1,15,1,0,0,3,2
944,67,126,2,271,9,112,12,517
947,13,25,5,25,6,32,18,15
948,0,0,0,0,1,1,0,2
950,0,0,0,0,0,0,0,0
957,0,0,0,0,0,0,0,0
958,0,0,0,0,0,0,0,0
960,0,0,0,0,0,0,0,0
962,0,0,3,0,1,0,0,0
965,0,0,1,0,0,0,0,0
967,0,0,0,0,1,0,0,0
971,0,0,0,0,0,0,0,0
973,0,0,0,0,0,0,0,0
975,0,0,0,0,1,0,0,0
976,0,0,0,0,0,0,0,0
977,0,0,0,2,1,0,0,0
978,0,0,0,1,0,0,0,0
980,0,0,0,0,1,0,1,0
982,0,0,0,0,0,0,0,0
983,0,0,0,0,0,0,0,0
985,0,0,0,0,0,0,3,1
987,0,0,0,0,0,0,0,0
988,0,0,0,0,0,0,0,0
989,0,0,0,0,0,0,0,0
990,0,0,0,0,0,0,0,0
991,1,0,0,0,0,0,0,0
992,2,2,9,6,4,5,9,2
994,0,0,0,0,0,0,0,0
995,0,0,0,0,0,0,0,0
996,0,0,0,0,0,0,0,0
997,0,0,0,0,0,0,0,0
999,0,0,0,0,0,0,0,0
ERV18-1,0,0,0,0,0,0,0,0
ERV3-1,230,257,426,744,665,528,404,546
ERVFRD-1,0,0,0,0,2,1,1,0
ERVFRD-2,0,1,0,0,0,0,0,0
ERVH13q33.3,21,2,8,28,28,19,9,0
ERVH16q24.1,0,0,0,0,0,0,0,0
ERVH1q31.3,0,0,0,0,0,0,0,0
ERVH1q42.2,0,0,0,2,2,0,1,0
ERVH3q24,0,0,0,0,0,0,0,0
ERVH5q23.2,0,1,0,0,3,0,0,0
ERVHXq23,0,0,0,0,0,0,0,0
ERVK3-1,165,284,217,357,200,197,131,262
ERVMER61-1,0,0,0,0,0,0,0,0
ERVV-1,0,0,0,0,0,0,0,0
ERVV-2,0,0,0,0,0,0,0,0
ERVW-1-2013,0,0,0,0,0,0,0,0
ERVW-10,0,0,0,0,0,0,0,0
ERVW-13,0,0,0,0,0,0,0,0
ERVW-14,0,0,0,0,0,0,0,0
ERVW-15,0,0,0,0,0,0,0,0
ERVW-16,0,0,0,0,0,0,0,0
ERVW-17,0,0,2,0,1,1,0,0
ERVW-19,0,0,0,0,0,1,0,0
ERVW-2-2013,6,18,23,32,28,19,20,16
ERVW-20,0,0,0,0,0,0,0,0
ERVW-22,5,8,1,4,3,2,6,2
ERVW-23,0,0,0,0,0,0,0,0
ERVW-24,0,0,0,0,0,0,0,0
ERVW-25,0,0,0,0,0,0,0,0
ERVW-26,0,2,0,0,0,0,0,0
ERVW-27,0,0,0,0,1,0,0,0
ERVW-29,0,0,0,0,0,0,1,0
ERVW-3-2013,0,0,0,0,0,0,2,0
ERVW-8,1,3,1,0,1,0,3,0
ERVW-9,0,0,0,0,0,0,0,0
HERV-H19a,0,0,3,0,1,3,0,0
HERVE(HERV4-1),0,0,0,0,0,0,0,0
HERVER(HCML-ARV),1,0,5,1,3,1,0,0
HERVH,0,0,0,0,0,0,0,0
HERVK-26,0,0,0,0,0,0,0,0
HERVK-27,0,0,0,0,0,0,2,0
HERVK-29,4,10,8,12,8,10,0,6
HERVK30,0,0,0,0,0,0,0,0
HERVK31,0,0,0,0,0,0,0,0
HERVL(ERV-likeelement),0,0,0,0,0,0,0,0
K-10,17,117,13,101,66,46,15,25
K-11,1,0,0,0,1,1,0,1
K-12,0,1,2,1,5,1,1,0
K-13,4,3,2,1,4,6,2,1
K-14,0,0,0,0,1,0,0,0
K-15,0,4,0,1,5,1,0,2
K-19,0,3,0,0,0,0,0,1
K-20,0,1,1,1,0,0,0,1
K-21,8,7,59,7,6,2,10,7
K-22,3,2,0,1,0,0,2,0
K-26,0,0,0,0,0,0,0,0
K-28,0,0,0,0,0,0,0,0
K-29,0,0,0,0,0,0,0,0
K-31,0,0,0,0,0,0,0,0
K-32,0,0,0,0,0,0,0,0
K-34,0,0,0,0,0,0,0,0
K-35,0,0,0,0,0,0,0,0
K-36,0,3,0,0,1,0,2,1
K-38,0,0,0,2,0,0,0,1
K-41,1,0,0,0,0,0,0,0
K-42,0,1,0,0,1,0,0,0
K-44,0,0,0,0,0,0,0,0
K-46,18,5,29,13,20,12,20,11
K-47,0,0,0,0,0,0,0,0
K-48,0,0,0,0,0,0,0,0
K-49,0,0,0,0,0,4,0,0
K-51,0,0,0,0,0,0,0,0
K-57,0,0,0,0,1,0,0,0
K-60,0,0,0,0,0,0,0,0
K-62,0,0,0,0,0,0,0,0
K-63,0,0,0,0,0,0,0,0
K-64,0,0,0,0,0,0,0,0
K-66,0,0,0,0,0,0,0,0
K-68,0,0,0,0,1,0,2,0
K-69,0,0,0,0,0,0,0,0
K-7,1,10,2,8,5,3,1,2
K-75,1,0,1,1,0,0,1,0
K-77,0,0,0,1,0,0,0,0
K-78,1,0,0,1,0,1,0,1
K-8,2,0,1,1,0,1,0,0
K-81,0,0,0,0,0,0,0,0
K-83,0,0,0,0,0,0,0,1
K-9,0,2,3,3,1,0,0,0
W-102,0,0,0,2,0,0,0,0
W-103,0,0,0,0,0,0,0,0
W-104,1,0,0,0,0,0,0,0
W-106,0,0,0,0,0,0,0,0
W-108,0,0,0,0,0,0,0,1
W-109,0,0,0,0,0,0,0,0
W-11,0,0,0,1,0,0,0,0
W-110,0,0,0,0,0,0,0,0
W-113,0,0,0,0,0,0,0,0
W-114,0,0,0,0,0,0,0,0
W-115,0,0,0,0,0,0,0,0
W-116,0,0,0,0,0,0,0,0
W-117,0,0,0,0,0,0,0,0
W-118,0,0,0,0,0,0,0,0
W-12,0,0,0,0,0,0,0,0
W-122,0,0,0,0,0,0,0,0
W-123,0,0,0,0,0,0,0,0
W-125,0,0,0,0,0,0,0,0
W-126,0,0,0,0,0,0,0,0
W-127,0,0,0,0,1,0,0,0
W-129,1,2,0,0,0,0,0,0
W-13,0,0,0,0,2,0,1,0
W-130,0,0,0,0,0,0,0,0
W-131,0,0,0,0,0,0,0,0
W-132,0,0,0,0,0,0,0,0
W-134,17,8,6,4,5,2,7,1
W-135,0,0,0,0,0,0,0,0
W-137,0,0,0,0,0,0,0,0
W-138,0,0,0,0,0,0,0,0
W-14,0,0,0,0,0,0,3,0
W-141,1,1,0,3,1,2,0,0
W-142,0,0,0,0,0,0,0,0
W-145,0,0,0,0,0,0,0,0
W-146,0,0,0,0,0,0,0,0
W-148,0,0,0,0,0,0,0,0
W-149,0,0,2,11,0,2,0,0
W-15,0,0,0,0,0,0,0,0
W-151,0,0,0,0,0,0,0,0
W-16,0,0,0,0,0,0,0,0
W-17,7,5,24,42,35,28,23,42
W-18,0,0,0,0,0,0,0,0
W-19,0,0,0,0,0,0,0,0
W-20,0,0,0,0,0,0,0,0
W-23,0,0,0,0,0,0,0,0
W-25,0,0,0,0,0,0,0,0
W-26,0,0,0,0,0,0,0,0
W-27,0,0,0,0,0,0,0,1
W-28,0,0,0,0,0,0,0,0
W-30,0,0,0,0,0,0,0,0
W-31,4,0,0,1,0,0,0,0
W-33,0,0,0,0,0,0,0,0
W-34,0,0,0,0,0,0,0,0
W-35,0,0,0,0,0,0,0,0
W-38,0,0,0,0,0,0,0,0
W-39,0,0,0,0,0,0,0,0
W-4,1,2,1,10,5,0,2,1
W-40,0,0,0,0,0,0,0,0
W-42,0,0,0,0,0,0,0,0
W-43,0,0,0,0,0,0,0,0
W-44,0,0,0,0,0,0,2,0
W-45,0,0,0,0,1,0,0,0
W-47,0,0,0,0,0,0,0,0
W-49,0,0,0,0,0,0,0,0
W-5,0,0,0,0,0,0,0,0
W-50,0,0,0,0,0,0,0,0
W-51,0,0,0,0,0,0,0,0
W-52,0,0,0,0,0,0,0,0
W-53,0,0,0,0,0,0,0,0
W-55,0,0,0,0,0,0,0,0
W-56,0,1,0,5,0,1,0,0
W-61,0,0,0,0,0,0,0,0
W-62,0,0,0,0,0,0,0,0
W-63,0,0,0,0,0,0,0,0
W-64,0,0,0,0,0,0,0,0
W-66,0,0,0,0,0,0,0,0
W-68,0,0,0,0,0,0,0,0
W-7,0,0,0,0,0,0,0,0
W-70,0,0,0,0,0,0,0,0
W-71,0,0,0,0,0,0,0,0
W-73,0,0,0,5,3,0,0,2
W-74,0,0,0,0,0,0,0,0
W-76,0,0,0,0,0,0,0,0
W-77,0,0,0,0,0,0,0,0
W-78,0,0,0,0,0,0,0,0
W-79,0,0,0,0,0,0,0,0
W-8,15,5,36,8,28,16,16,6
W-82,0,0,0,0,0,0,0,0
W-83,0,0,0,0,0,0,0,0
W-84,0,0,0,0,0,0,0,0
W-86,0,0,0,0,0,0,0,0
W-87,0,0,0,0,0,0,0,0
W-9,0,0,0,0,0,2,0,0
W-90,0,0,0,0,0,0,0,0
W-92,0,0,0,0,2,0,0,0
W-93,0,0,0,0,0,0,0,0
W-96,0,0,0,0,0,0,0,0
W-97,0,0,0,0,0,0,0,0
W-98,0,0,0,0,0,0,0,0